-- phpMyAdmin SQL Dump
-- version 4.5.4.1deb2ubuntu1
-- http://www.phpmyadmin.net
--
-- Host: localhost
-- Generation Time: Jun 20, 2016 at 06:42 AM
-- Server version: 5.7.12-0ubuntu1
-- PHP Version: 7.0.4-7ubuntu2.1

SET SQL_MODE = "NO_AUTO_VALUE_ON_ZERO";
SET time_zone = "+00:00";


/*!40101 SET @OLD_CHARACTER_SET_CLIENT=@@CHARACTER_SET_CLIENT */;
/*!40101 SET @OLD_CHARACTER_SET_RESULTS=@@CHARACTER_SET_RESULTS */;
/*!40101 SET @OLD_COLLATION_CONNECTION=@@COLLATION_CONNECTION */;
/*!40101 SET NAMES utf8mb4 */;

--
-- Database: `quoter_db`
--

DELIMITER $$
--
-- Procedures
--
CREATE DEFINER=`root`@`localhost` PROCEDURE `add_access_token` (IN `user_id` INT, IN `access_token` TEXT, IN `keep_signed_in` INT)  NO SQL
INSERT INTO qtr_access 
(user_id,access_token,keep_signed_in,expire)
VALUES 
(user_id,access_token,keep_signed_in,DATE_ADD(NOW(), INTERVAL 6 HOUR))$$

CREATE DEFINER=`root`@`localhost` PROCEDURE `add_job` (IN `jobtypeid` INT, IN `memberid` INT, IN `jobname` VARCHAR(60), IN `description` TEXT, IN `labourtypeid` INT, IN `lat` FLOAT, IN `lng` FLOAT, IN `because` INT, IN `size` INT, IN `start` INT)  NO SQL
INSERT INTO qtr_jobs
(`jobtypeid`, `memberid`, `jobname`, `description`, `labourtypeid`, `lat`, `lng`, `because`, `size`, `start`)
VALUES
(jobtypeid, memberid, jobname, description, labourtypeid, lat, lng, because, size, start)$$

CREATE DEFINER=`root`@`localhost` PROCEDURE `add_timeByJobId` (IN `jobid` INT, IN `time` TIMESTAMP)  NO SQL
UPDATE qtr_jobs
SET timer = time
WHERE id = jobid$$

CREATE DEFINER=`root`@`localhost` PROCEDURE `book_by_supplierid` (IN `jid` INT, IN `sid` INT)  NO SQL
UPDATE qtr_jobs
SET supplierid = sid
WHERE id = jid$$

CREATE DEFINER=`root`@`localhost` PROCEDURE `changeLocation` (IN `mid` INT, IN `newLat` FLOAT, IN `newLng` FLOAT)  NO SQL
UPDATE qtr_supplier
SET lat = newLat, lng = newLng
WHERE userid = mid$$

CREATE DEFINER=`root`@`localhost` PROCEDURE `changePassword` (IN `mid` INT, IN `newPass` VARCHAR(60))  NO SQL
UPDATE qtr_users
SET `password`=MD5(newPass)
WHERE id = mid$$

CREATE DEFINER=`root`@`localhost` PROCEDURE `deleteJobsById` (IN `jid` INT)  NO SQL
UPDATE qtr_jobs
SET flag = 1
WHERE id = jid$$

CREATE DEFINER=`root`@`localhost` PROCEDURE `deleteMessageById` (IN `mid` INT)  NO SQL
UPDATE qtr_messages
SET flag = 1
WHERE id = mid$$

CREATE DEFINER=`root`@`localhost` PROCEDURE `find_jobsById` (IN `searchId` INT)  NO SQL
SELECT * FROM qtr_jobs WHERE id = searchId
AND flag = 0$$

CREATE DEFINER=`root`@`localhost` PROCEDURE `find_jobsByJobname` (IN `searchName` VARCHAR(60))  NO SQL
SELECT * from qtr_jobs  where jobname like CONCAT('%',searchName,'%')
AND flag = 0$$

CREATE DEFINER=`root`@`localhost` PROCEDURE `find_jobsBySupplierId` (IN `searchId` INT)  NO SQL
SELECT *
FROM qtr_jobs
WHERE supplierid = searchId
AND flag = 0$$

CREATE DEFINER=`root`@`localhost` PROCEDURE `find_jobsByUserId` (IN `searchId` INT)  NO SQL
SELECT *
FROM qtr_jobs
WHERE memberid = searchId
AND flag = 0$$

CREATE DEFINER=`root`@`localhost` PROCEDURE `find_memberByEmailDomain` (IN `domain` VARCHAR(60))  NO SQL
select * from qtr_users where email LIKE domain$$

CREATE DEFINER=`root`@`localhost` PROCEDURE `find_memberById` (IN `searchId` INT)  NO SQL
SELECT * from qtr_member where id = searchId$$

CREATE DEFINER=`root`@`localhost` PROCEDURE `find_memberByName` (IN `searchName` VARCHAR(60))  NO SQL
SELECT * from qtr_member where first_name like CONCAT('%',searchName,'%') OR last_name like CONCAT('%',searchName,'%')$$

CREATE DEFINER=`root`@`localhost` PROCEDURE `find_messagesByJobId` (IN `searchId` INT)  NO SQL
SELECT *
FROM qtr_messages_senderinfo
WHERE jobid = searchId
AND flag = 0
ORDER BY timestamp ASC$$

CREATE DEFINER=`root`@`localhost` PROCEDURE `find_messagesByMemberId` (IN `searchId` INT)  NO SQL
SELECT m.*, s.first_name as fname, s.last_name as lname, s.email as email, s.username as username, m.timestamp as timesent
FROM qtr_messages AS m
JOIN qtr_users AS s
ON m.sender = s.id
WHERE memberid = searchId
AND flag = 0
ORDER BY timesent ASC$$

CREATE DEFINER=`root`@`localhost` PROCEDURE `find_messagesByPartner` (IN `mid` INT, IN `sid` INT)  NO SQL
SELECT * FROM qtr_messages
WHERE supplierid = sid
AND memberid = mid
AND flag = 0$$

CREATE DEFINER=`root`@`localhost` PROCEDURE `find_messagesBySupplierId` (IN `searchId` INT)  NO SQL
SELECT m.*, s.first_name as fname, s.last_name as lname, s.email as email, s.username as username, m.timestamp as timesent
FROM qtr_messages as m
JOIN qtr_users as s
ON m.sender = s.id
WHERE supplierid = searchId
AND flag = 0$$

CREATE DEFINER=`root`@`localhost` PROCEDURE `find_messagesByUserId` (IN `uid` INT)  NO SQL
SELECT *
FROM qtr_messages
WHERE id = uid$$

CREATE DEFINER=`root`@`localhost` PROCEDURE `find_nearest_jobs` (IN `origlat` FLOAT, IN `origlng` FLOAT, IN `lim` INT, IN `rad` INT, IN `cat` INT)  NO SQL
SELECT j.id,j.jobtypeid,j.memberid,j.supplierid,j.lat,j.lng,j.jobname, j.description, j.size, j.start, j.because, j.labourtypeid, j.timestamp ,( 3959 * acos( cos( radians(origlat) ) * cos( radians( lat ) ) * cos( radians( lng ) - radians(origlng) ) + sin( radians(origlat) ) * sin( radians( lat ) ) ) ) AS distance 
FROM qtr_jobs as j
JOIN qtr_jobtypes as jt
ON j.jobtypeid = jt.id
WHERE j.jobtypeid = cat
OR jt.parent = cat
AND supplierid = 1
HAVING distance < rad 
ORDER BY distance 
LIMIT 0 , lim$$

CREATE DEFINER=`root`@`localhost` PROCEDURE `find_nearest_suppliers` (IN `origlat` FLOAT, IN `origlng` FLOAT, IN `lim` INT, IN `rad` INT, IN `cat` INT)  NO SQL
SELECT u.id,u.first_name,u.last_name,u.email,s.lat,s.lng, ( 3959 * acos( cos( radians(origlat) ) * cos( radians( s.lat ) ) * cos( radians( s.lng ) - radians(origlng) ) + sin( radians(origlat) ) * sin( radians( s.lat ) ) ) ) AS distance 
FROM qtr_supplier AS s
JOIN qtr_users as u
ON s.userid = u.id 
WHERE s.categoryid = cat
AND u.active = 1
HAVING distance < rad
ORDER BY distance ASC
LIMIT 0 , lim$$

CREATE DEFINER=`root`@`localhost` PROCEDURE `find_supplierById` (IN `searchId` INT)  NO SQL
SELECT s.*,u.* from qtr_supplier AS s
JOIN qtr_users AS u
ON u.id = s.userid
WHERE s.userid = searchId
AND u.id = searchId$$

CREATE DEFINER=`root`@`localhost` PROCEDURE `find_supplierByName` (IN `searchName` VARCHAR(60))  NO SQL
SELECT * from qtr_supplier where first_name like CONCAT('%',searchName,'%') OR last_name like CONCAT('%',searchName,'%')$$

CREATE DEFINER=`root`@`localhost` PROCEDURE `find_supplier_access_token` (IN `accesstoken` TEXT)  NO SQL
SELECT a.id AS id,
a.access_token AS Access_Token,
a.timestamp AS Access_Timestamp,
a.keep_signed_in AS Keep_Signed_In,
a.expire AS Expire,
a.user_id AS User_Id,
a.usertype AS Usertype,
m.username AS Username,
m.password AS `Password`,
m.first_name AS First_Name,
m.last_name AS Last_Name,
m.email AS Email,
m.lat AS lat,
m.lng AS lng,
m.timestamp AS `User_Timestamp`
FROM qtr_access AS a 
JOIN qtr_suppliers_info AS m
ON m.id = a.user_id
WHERE a.access_token = accesstoken$$

CREATE DEFINER=`root`@`localhost` PROCEDURE `find_user_access_token` (IN `accesstoken` TEXT)  NO SQL
SELECT a.id AS id,
a.access_token AS Access_Token,
a.timestamp AS Access_Timestamp,
a.keep_signed_in AS Keep_Signed_In,
a.expire AS Expire,
a.user_id AS User_Id,
a.usertype AS Usertype,
m.username AS Username,
m.password AS `Password`,
m.first_name AS First_Name,
m.last_name AS Last_Name,
m.email AS Email,
m.timestamp AS `User_Timestamp`
FROM qtr_access AS a 
JOIN qtr_users AS m
ON m.id = a.user_id
WHERE a.access_token = accesstoken$$

CREATE DEFINER=`root`@`localhost` PROCEDURE `register_member` (IN `username` VARCHAR(60), IN `password` VARCHAR(60), IN `first_name` VARCHAR(60), IN `last_name` VARCHAR(60), IN `email` VARCHAR(60), IN `login_type` VARCHAR(60))  NO SQL
INSERT INTO qtr_users (username,password,first_name,last_name,email,login_type)
value
(username,MD5(password),first_name,last_name,email,login_type)$$

CREATE DEFINER=`root`@`localhost` PROCEDURE `register_supplier` (IN `username` VARCHAR(60), IN `password` VARCHAR(60), IN `first_name` VARCHAR(60), IN `last_name` VARCHAR(60), IN `email` VARCHAR(60), IN `lat` FLOAT, IN `lng` FLOAT, IN `categoryid` INT, OUT `uid` INT, IN `login_type` VARCHAR(60))  NO SQL
BEGIN
INSERT INTO qtr_users (username,password,first_name,last_name,email,login_type) value (username,MD5(password),first_name,last_name,email,login_type);

SET uid = LAST_INSERT_ID();

INSERT INTO qtr_supplier (`userid`, `lat`, `lng`, `categoryid`) VALUE (uid, lat, lng, categoryid);
END$$

CREATE DEFINER=`root`@`localhost` PROCEDURE `send_message` (IN `memberid` INT, IN `supplierid` INT, IN `sender` INT, IN `content` TEXT, IN `jobid` INT)  NO SQL
INSERT INTO qtr_messages(memberid,supplierid,sender,content,jobid) VALUES (memberid,supplierid,sender,content,jobid)$$

DELIMITER ;

-- --------------------------------------------------------

--
-- Table structure for table `qtr_access`
--

CREATE TABLE `qtr_access` (
  `id` int(11) NOT NULL,
  `access_token` text NOT NULL,
  `user_id` int(11) NOT NULL,
  `usertype` int(11) DEFAULT NULL,
  `timestamp` timestamp NOT NULL DEFAULT CURRENT_TIMESTAMP,
  `keep_signed_in` int(11) NOT NULL,
  `expire` timestamp NULL DEFAULT NULL,
  `online` int(11) NOT NULL DEFAULT '1'
) ENGINE=InnoDB DEFAULT CHARSET=latin1;

--
-- Dumping data for table `qtr_access`
--

INSERT INTO `qtr_access` (`id`, `access_token`, `user_id`, `usertype`, `timestamp`, `keep_signed_in`, `expire`, `online`) VALUES
(24, '7d08423c708e85714b7d372dd78ad1ac', 2, 0, '2016-06-16 14:00:05', 0, '2016-06-11 18:40:50', 0),
(25, 'c5dae0b7f47543783922cf64c1d33316', 2, 0, '2016-06-16 14:00:05', 1, '2016-06-12 07:45:18', 0),
(26, '330f718a4678e8720b7ccae709b6ebc5', 2, 0, '2016-06-16 14:00:05', 0, '2016-06-12 07:46:48', 0),
(27, '44c3c27978497cb4098755467af9c788', 2, 0, '2016-06-16 14:00:05', 0, '2016-06-12 07:47:19', 0),
(28, '5d969c8e90ce01b5a5f248ad109c199e', 2, 0, '2016-06-16 14:00:05', 0, '2016-06-12 07:51:18', 0),
(29, '9a711ce08554fceaea14aaabba8f4d87', 2, 0, '2016-06-16 14:00:05', 0, '2016-06-12 07:51:47', 0),
(30, '5efcdaf0eea73a9ebe04bcaabadd75bd', 2, 0, '2016-06-16 14:00:05', 0, '2016-06-12 07:55:19', 0),
(31, '7b5d398f4bd62cdc5fffa740c2c7d2be', 2, 0, '2016-06-16 14:00:05', 0, '2016-06-12 07:58:57', 0),
(32, 'd23d5925084bf681e12757482da75a5c', 2, 0, '2016-06-16 14:00:05', 0, '2016-06-12 08:20:05', 0),
(33, '71294a4c8503360dbc8683d0ea5e4360', 2, 0, '2016-06-16 14:00:05', 0, '2016-06-12 08:20:56', 0),
(34, '3d883c19add03f689005d45d00b5e87f', 2, 0, '2016-06-16 14:00:05', 0, '2016-06-12 08:21:35', 0),
(35, '9eb2568bd9ed34dfee0db2b9067a0d11', 2, 0, '2016-06-16 14:00:05', 0, '2016-06-12 08:22:39', 0),
(36, '4e64393fe6c49b292cb9dc8c7f145e65', 2, 0, '2016-06-16 14:00:05', 0, '2016-06-12 08:23:20', 0),
(37, '7025b5aae9c5e8ae37d78c9560722aa2', 2, 0, '2016-06-16 14:00:05', 0, '2016-06-12 08:24:26', 0),
(38, 'b08feb057169dadfcd3a5c5a5c37a2db', 2, 0, '2016-06-16 14:00:05', 0, '2016-06-12 08:29:26', 0),
(39, '6d69011e0b9605682c57290eaa810dda', 2, 0, '2016-06-16 14:00:05', 0, '2016-06-12 08:29:55', 0),
(40, 'bf0e96109ff69415fcd705b631aabf3b', 2, 0, '2016-06-16 14:00:05', 0, '2016-06-12 08:30:45', 0),
(41, '094988ec041c57ebe4345f67b4b3e4ec', 2, 0, '2016-06-16 14:00:05', 0, '2016-06-12 08:31:41', 0),
(42, '498614f3851ff5542090c96731e52f78', 2, 0, '2016-06-16 14:00:05', 0, '2016-06-12 08:32:22', 0),
(43, 'f39a5a33ec1022dedc692ad2eb1c1817', 2, 0, '2016-06-16 14:00:05', 0, '2016-06-12 08:44:16', 0),
(44, '2af5da5f55cc007dcb99f122ad0dab0f', 2, 0, '2016-06-16 14:00:05', 1, '2016-06-12 08:44:30', 0),
(45, 'd69178016aca326efe2ffe03deecdb8d', 2, 0, '2016-06-16 14:00:05', 0, '2016-06-12 08:46:21', 0),
(46, '778a9974b1c27368b8d0a9e81c6f5325', 2, 0, '2016-06-16 14:00:05', 0, '2016-06-12 09:43:22', 0),
(47, '29ca9c68b1af89909c69215f8a8001e4', 2, 0, '2016-06-16 14:00:05', 0, '2016-06-12 09:47:36', 0),
(48, '5abe8e3c703ae1d547fecd275599e528', 2, 0, '2016-06-16 14:00:05', 0, '2016-06-12 10:40:59', 0),
(49, 'e1c8e6869859f85462cf8633fc9ad80f', 2, 0, '2016-06-16 14:00:05', 0, '2016-06-12 10:41:02', 0),
(50, 'af6594658ce46aa6df183f0f8208a2d4', 2, 0, '2016-06-16 14:00:05', 0, '2016-06-12 10:41:37', 0),
(51, '63f02621e7795f484a78b8a86a68c5dd', 2, 0, '2016-06-16 14:00:05', 0, '2016-06-12 10:42:32', 0),
(52, 'a9bed7da4dcf9d15ecd83ef16f2f4a5d', 2, 0, '2016-06-16 14:00:05', 0, '2016-06-12 10:44:25', 0),
(53, '54f4db74b233c4c65f6312c76df79f8a', 2, 0, '2016-06-16 14:00:05', 0, '2016-06-12 10:45:20', 0),
(54, '5fb52a9eacd4256be215b0326cab9b21', 2, 0, '2016-06-16 14:00:05', 0, '2016-06-12 11:22:27', 0),
(55, '3677f251e76762f4f980478ebcf9351f', 2, 0, '2016-06-16 14:00:05', 0, '2016-06-12 11:25:31', 0),
(56, 'aa887d04fc230f026114764414d31514', 2, 0, '2016-06-16 14:00:05', 0, '2016-06-12 11:26:34', 0),
(57, '556a0562a7a5d93cf7b6550b1693c0e5', 2, 0, '2016-06-16 14:00:05', 0, '2016-06-12 11:34:50', 0),
(58, '520e4638a0bcf866f871e17215b14454', 2, 0, '2016-06-16 14:00:05', 0, '2016-06-12 11:35:07', 0),
(59, 'b9e71e2664a6dd38d023dbb39b970d3b', 2, 0, '2016-06-16 14:00:05', 0, '2016-06-12 11:35:52', 0),
(60, '157c5f79f66019c11536cef990a275ae', 2, 0, '2016-06-16 14:00:05', 0, '2016-06-12 11:36:49', 0),
(61, '157c5f79f66019c11536cef990a275ae', 2, 0, '2016-06-16 14:00:05', 0, '2016-06-12 11:36:49', 0),
(62, '157c5f79f66019c11536cef990a275ae', 2, 0, '2016-06-16 14:00:05', 0, '2016-06-12 11:36:49', 0),
(63, 'a4ecfb26d5c78e32c2f9288439b54167', 2, 0, '2016-06-16 14:00:05', 0, '2016-06-12 11:36:54', 0),
(64, '3ee2761579ad6e3a17bf89907a23a1f5', 2, 0, '2016-06-16 14:00:05', 0, '2016-06-12 11:41:48', 0),
(65, '090db8f049cf46ef6d9a6c24ec159d5f', 2, 0, '2016-06-16 14:00:05', 0, '2016-06-12 11:44:56', 0),
(66, '51b2bf888754c8312cd4639f787639e5', 2, 0, '2016-06-16 14:00:05', 0, '2016-06-12 11:48:22', 0),
(67, '37197dea49d8a80f0a58031698b71fdf', 2, 0, '2016-06-16 14:00:05', 0, '2016-06-12 11:52:27', 0),
(68, '58d1c02dd2c89373653fb1792177cf7a', 2, 0, '2016-06-16 14:00:05', 0, '2016-06-12 11:58:10', 0),
(69, 'ea5fdf24a966a69c4a6c43d084f74837', 2, 0, '2016-06-16 14:00:05', 0, '2016-06-12 12:00:42', 0),
(70, '10721ca1d7381e57ab027556aabbb725', 2, 0, '2016-06-16 14:00:05', 0, '2016-06-12 12:04:04', 0),
(71, 'b50f83dc4ec1f8867169c3a8ab479e56', 2, 0, '2016-06-16 14:00:05', 0, '2016-06-12 12:05:57', 0),
(72, '8e626523986cc2b35d1b846c74e30f21', 2, 0, '2016-06-16 14:00:05', 0, '2016-06-12 12:14:56', 0),
(73, '57411c5a7ba4629c8da7f9a87c49952c', 2, 0, '2016-06-16 14:00:05', 0, '2016-06-12 12:15:38', 0),
(74, '5ad39c04e7d49697908ba0db28301774', 2, 0, '2016-06-16 14:00:05', 0, '2016-06-12 12:17:30', 0),
(75, '314ed6a3097fcbed98e6017290cfe202', 2, 0, '2016-06-16 14:00:05', 0, '2016-06-12 12:18:56', 0),
(76, 'f680e41b792f69d69546ed94bfa7f770', 2, 0, '2016-06-16 14:00:05', 0, '2016-06-12 12:20:44', 0),
(77, 'fd9f71f5ed4c3b33d73d99025399534f', 2, 0, '2016-06-16 14:00:05', 0, '2016-06-12 12:24:09', 0),
(78, 'c20e9c10196842be0f57c40ad7cb1ebc', 2, 0, '2016-06-16 14:00:05', 1, '2016-06-12 12:41:24', 0),
(79, 'a8a6407b48b5fce4821b61c2f742983c', 6, 0, '2016-06-16 14:00:05', 1, '2016-06-12 12:53:52', 0),
(80, '9933b264f063d5bcde7c7cdca748d60b', 6, 0, '2016-06-16 14:00:05', 1, '2016-06-12 12:55:50', 0),
(81, 'dc81b7ad2f3b04ca1d16dfdc8b527150', 6, 0, '2016-06-16 14:00:05', 0, '2016-06-12 12:56:00', 0),
(82, 'f9174744c5236644c64de07c261f283e', 6, 0, '2016-06-16 14:00:05', 1, '2016-06-12 12:56:46', 0),
(83, 'a678cf9d803ee83336b159b8999831f8', 6, 0, '2016-06-16 14:00:05', 1, '2016-06-12 12:56:48', 0),
(84, 'a678cf9d803ee83336b159b8999831f8', 6, 0, '2016-06-16 14:00:05', 1, '2016-06-12 12:56:48', 0),
(85, 'a678cf9d803ee83336b159b8999831f8', 6, 0, '2016-06-16 14:00:05', 1, '2016-06-12 12:56:48', 0),
(86, 'c6e840762bf1ae168e7738b08e5c51a6', 6, 0, '2016-06-16 14:00:05', 1, '2016-06-12 12:57:18', 0),
(87, '37e24da5df16d39652493d24cacbdcfa', 6, 0, '2016-06-16 14:00:05', 1, '2016-06-12 12:59:16', 0),
(88, 'f21c395c92c1552b2724390beaf78b7a', 6, 0, '2016-06-16 14:00:05', 1, '2016-06-12 12:59:17', 0),
(89, 'a0427037cd45489a2ce68364d60d108c', 6, 0, '2016-06-16 14:00:05', 1, '2016-06-12 12:59:18', 0),
(90, 'eaa6e5b1c750a417e5b0ce6ef6bacf8f', 6, 0, '2016-06-16 14:00:05', 1, '2016-06-12 12:59:20', 0),
(91, '1e9149a57ce81fe00be77ee9b792ba03', 6, 0, '2016-06-16 14:00:05', 1, '2016-06-12 13:01:18', 0),
(92, '22115cd30192dc2a6b348ffe970b4b59', 6, 0, '2016-06-16 14:00:05', 1, '2016-06-12 13:10:48', 0),
(93, '6c6bcc6e3e9fd4f3fb47cb6a48dc64dd', 6, 0, '2016-06-16 14:00:05', 1, '2016-06-12 13:11:35', 0),
(94, '603047d2529469a3359b2deb32029825', 6, 0, '2016-06-16 14:00:05', 1, '2016-06-12 13:12:39', 0),
(95, '06dea125e64d82c4c7228c07a3fb3dbc', 6, 0, '2016-06-16 14:00:05', 0, '2016-06-12 13:16:12', 0),
(96, 'e041ad6275cf0c91a0b915cc869fe7ae', 6, 0, '2016-06-16 14:00:05', 1, '2016-06-12 13:16:21', 0),
(97, '05c9c2a168f153f38f5314bbf22eb509', 6, 0, '2016-06-16 14:00:05', 1, '2016-06-12 13:17:02', 0),
(98, 'ccce11fb7a9c0aa587cafc789190c5bc', 6, 0, '2016-06-16 14:00:05', 0, '2016-06-12 13:17:11', 0),
(99, '6fb43bbceb4d98e29144da7e3a561346', 6, 0, '2016-06-16 14:00:05', 0, '2016-06-12 13:17:44', 0),
(100, '4352475da9ee4e7512f04e983f50b9e6', 6, 0, '2016-06-16 14:00:05', 0, '2016-06-12 13:28:20', 0),
(101, 'f5885333beac6c479b7048cecf198a69', 6, 0, '2016-06-16 14:00:05', 0, '2016-06-12 13:31:40', 0),
(102, 'b63bc92c016bb717f30086f39ab1e93d', 6, 0, '2016-06-16 14:00:05', 0, '2016-06-12 13:32:51', 0),
(103, 'e551dca859ac77fbc4bb457742356d73', 6, 0, '2016-06-16 14:00:05', 0, '2016-06-12 13:33:40', 0),
(104, 'a427b27f69baacf825a7222f94390647', 6, 0, '2016-06-16 14:00:05', 0, '2016-06-12 13:35:28', 0),
(105, '7777585935d894f8dbcefb0ef7e5a09a', 6, 0, '2016-06-16 14:00:05', 0, '2016-06-12 13:36:32', 0),
(106, 'ab9c73e6adfa2c546f4dd3faa1b74a8b', 2, 0, '2016-06-16 14:00:05', 0, '2016-06-12 13:48:36', 0),
(107, '65fc85100f740c1cef0c65ad877cf9c0', 2, 0, '2016-06-16 14:00:05', 0, '2016-06-12 13:56:29', 0),
(108, '1cdcc331e3e4d74b91b09027e3f6030e', 2, 0, '2016-06-16 14:00:05', 0, '2016-06-12 14:06:10', 0),
(109, '896b9181cb7e42474e3259fdfab0f75c', 2, 0, '2016-06-16 14:00:05', 0, '2016-06-12 14:43:42', 0),
(110, '6f3978f0b58f25a8039fc654c1a69056', 13, 0, '2016-06-16 14:00:05', 1, '2016-06-12 15:59:45', 0),
(111, '8544b7f1d99eaec6abd56fe0714e9b60', 13, 0, '2016-06-16 14:00:05', 1, '2016-06-12 16:00:08', 0),
(112, 'a6c948e07c1c55b64fcc7800bd99c2e6', 13, 0, '2016-06-16 14:00:05', 1, '2016-06-12 16:03:35', 0),
(113, 'fe582d7b78ad47a6b8c530ec8dd53dea', 13, 0, '2016-06-16 14:00:05', 1, '2016-06-12 16:04:48', 0),
(114, '002af96da32560f1a11ed076b01181b9', 13, 0, '2016-06-16 14:00:05', 1, '2016-06-12 16:11:08', 0),
(115, '1a565f8ec3f960e59f92058984a46969', 13, 0, '2016-06-16 14:00:05', 0, '2016-06-12 16:11:16', 0),
(116, 'f596e6a2e90e72a3f3cb640ea9c6fa40', 2, 0, '2016-06-16 14:00:05', 0, '2016-06-12 16:18:42', 0),
(117, '737768f6bb7980fd8f1dc5aac30976d9', 2, 0, '2016-06-16 14:00:05', 0, '2016-06-12 16:26:28', 0),
(118, '08a19de9964a3c58b680964515b89142', 2, 0, '2016-06-16 14:00:05', 0, '2016-06-12 16:31:42', 0),
(119, 'a5de5b2109166798aa0b2441d65729e2', 13, 0, '2016-06-16 14:00:05', 0, '2016-06-12 16:32:55', 0),
(120, 'a5a7caef10828357ec1738a0e461ffaa', 13, 0, '2016-06-16 14:00:05', 0, '2016-06-12 16:33:50', 0),
(121, '019f18670593a4a6d881d4e666437c5a', 13, 0, '2016-06-16 14:00:05', 0, '2016-06-12 16:33:56', 0),
(122, 'cb18e2446d05eb2d526eb342d43083c3', 9, 0, '2016-06-16 14:00:05', 0, '2016-06-12 16:34:56', 0),
(123, 'e985af8488458ce187d75095b2f9e84a', 16, 0, '2016-06-16 14:00:05', 0, '2016-06-12 16:35:38', 0),
(124, '11d9f74fb5fd65b00e4a8958f2bb00c3', 16, 0, '2016-06-16 14:00:05', 0, '2016-06-12 16:36:29', 0),
(125, '0a4fb7502db2b386b3e170d378e52ecb', 13, 0, '2016-06-16 14:00:05', 0, '2016-06-12 16:38:41', 0),
(126, '2ea0691b3d039190a203e340afd820cb', 13, 0, '2016-06-16 14:00:05', 0, '2016-06-12 16:38:42', 0),
(127, '2ea0691b3d039190a203e340afd820cb', 13, 0, '2016-06-16 14:00:05', 0, '2016-06-12 16:38:42', 0),
(128, '2ea0691b3d039190a203e340afd820cb', 13, 0, '2016-06-16 14:00:05', 0, '2016-06-12 16:38:42', 0),
(129, '5f14aa63aba1090544a6cfac78c6d6e2', 13, 0, '2016-06-16 14:00:05', 0, '2016-06-12 16:38:43', 0),
(130, '5f14aa63aba1090544a6cfac78c6d6e2', 13, 0, '2016-06-16 14:00:05', 0, '2016-06-12 16:38:43', 0),
(131, '5f14aa63aba1090544a6cfac78c6d6e2', 13, 0, '2016-06-16 14:00:05', 0, '2016-06-12 16:38:43', 0),
(132, '5f14aa63aba1090544a6cfac78c6d6e2', 13, 0, '2016-06-16 14:00:05', 0, '2016-06-12 16:38:43', 0),
(133, '8b3010771d152c19c6e24d5123e0f755', 13, 0, '2016-06-16 14:00:05', 0, '2016-06-12 16:38:44', 0),
(134, 'fadcc517e6f95907587c2dc667dbf53d', 13, 0, '2016-06-16 14:00:05', 0, '2016-06-12 16:39:09', 0),
(135, 'b4d3343f8c9ae61e014591d99ceb8cf4', 13, 0, '2016-06-16 14:00:05', 0, '2016-06-12 16:40:29', 0),
(136, '31a7dc391d4d178cea3df3aef83c8ca0', 13, 0, '2016-06-16 14:00:05', 0, '2016-06-12 16:41:01', 0),
(137, 'f00ef23f046ccb5246db3d86bcb24f5a', 13, 0, '2016-06-16 14:00:05', 0, '2016-06-12 16:41:04', 0),
(138, 'b4c502bc15ffaf9e7a0d6ceedb26792e', 13, 0, '2016-06-16 14:00:05', 0, '2016-06-12 16:42:11', 0),
(139, '702033418e311016be0e1e5322db0a57', 13, 0, '2016-06-16 14:00:05', 0, '2016-06-12 16:42:55', 0),
(140, '6ffcfe78258d76b6a9f6f80023d8f894', 13, 0, '2016-06-16 14:00:05', 0, '2016-06-12 16:44:43', 0),
(141, 'd041c38135470c684efd1e36eaa6fa8b', 13, 0, '2016-06-16 14:00:05', 0, '2016-06-12 16:46:13', 0),
(142, '95e54ed17526fbce3cc360af4232799c', 16, 0, '2016-06-16 14:00:05', 0, '2016-06-12 16:59:16', 0),
(143, 'de50d0549ff0b2e58266537adce721a5', 16, 0, '2016-06-16 14:00:05', 1, '2016-06-12 17:20:37', 0),
(144, '23eaa37c96780aaf348d54ea401d0c19', 16, 0, '2016-06-16 14:00:05', 0, '2016-06-12 17:20:55', 0),
(145, 'eab23c8c13d19702915af1bdc08c6844', 16, 0, '2016-06-16 14:00:05', 0, '2016-06-12 17:32:27', 0),
(146, '7814e9fe693a75e0b4110be85b2593d7', 16, 0, '2016-06-16 14:00:05', 0, '2016-06-12 17:42:50', 0),
(147, '5b48e2edf6431e9703127eb0a5bdf4d8', 16, 0, '2016-06-16 14:00:05', 0, '2016-06-12 17:45:31', 0),
(148, '65e7f763fa6ebf30e469b6883625e019', 16, 0, '2016-06-16 14:00:05', 0, '2016-06-12 18:02:09', 0),
(149, '8a5ecfbcd6c5f90859d088ca48f01f6a', 16, 0, '2016-06-16 14:00:05', 0, '2016-06-12 18:17:29', 0),
(150, '68bc7957e279b4fc2276c6191bda2c2f', 16, 0, '2016-06-16 14:00:05', 0, '2016-06-12 18:18:37', 0),
(151, 'f3e8db1e66fec3ddf8f78ff10ff27c44', 16, 0, '2016-06-16 14:00:05', 0, '2016-06-12 18:20:28', 0),
(152, 'b1bf73261d4eab5381a35e6170ef58ad', 16, 0, '2016-06-16 14:00:05', 0, '2016-06-12 18:21:39', 0),
(153, '5bc9783acac6345624da41fcc0e3fad5', 16, 0, '2016-06-16 14:00:05', 0, '2016-06-12 18:30:39', 0),
(154, '1dcbac36afe8e351a826a0fbc5185a9d', 16, 0, '2016-06-16 14:00:05', 0, '2016-06-12 18:31:49', 0),
(155, 'f5f21fa51bb0f454bd30d2c9ad08f06e', 16, 0, '2016-06-16 14:00:05', 0, '2016-06-12 18:34:40', 0),
(156, '002a2154508ed05492f01b40755b43d8', 16, 0, '2016-06-16 14:00:05', 0, '2016-06-12 18:35:23', 0),
(157, 'a17fe6118d551e445bb05f573b7ded25', 16, 0, '2016-06-16 14:00:05', 0, '2016-06-12 18:36:33', 0),
(158, '8919b5e7dcd255595cab22b0749a8a7d', 16, 0, '2016-06-16 14:00:05', 0, '2016-06-12 18:37:35', 0),
(159, '33c74ebf46cc8e0a75251b60a0d3bc62', 16, 0, '2016-06-16 14:00:05', 0, '2016-06-12 18:39:20', 0),
(160, '5dd2701c5ffabae5bb7b53483521c654', 16, 0, '2016-06-16 14:00:05', 0, '2016-06-12 18:40:34', 0),
(161, '1b5b8d9ea725516ce274d9bac7a22980', 16, 0, '2016-06-16 14:00:05', 0, '2016-06-12 18:41:15', 0),
(162, '0b93e52bd2a150ef130e015c3d7d78a4', 16, 0, '2016-06-16 14:00:05', 0, '2016-06-12 18:42:19', 0),
(163, 'e65e16849fe467bc1d6099e177e6477a', 16, 0, '2016-06-16 14:00:05', 0, '2016-06-12 18:43:06', 0),
(164, '964d1bdeee7a92ddf35d193ebc0b17bc', 16, 0, '2016-06-16 14:00:05', 0, '2016-06-12 18:46:06', 0),
(165, '9d30e56bf7666ddbcaa7ceb770da34b6', 16, 0, '2016-06-16 14:00:05', 0, '2016-06-12 18:55:24', 0),
(166, 'b11adabed68d5c2ab897dae156bff5a3', 16, 0, '2016-06-16 14:00:05', 0, '2016-06-12 19:09:27', 0),
(167, 'dd74bbbd72d2df247e4cef7e5e28e914', 16, 0, '2016-06-16 14:00:05', 0, '2016-06-12 19:11:05', 0),
(168, '5161fa90a4d17692e308984ee99fc9bb', 9, 0, '2016-06-16 14:00:05', 0, '2016-06-12 19:15:04', 0),
(169, '8b7d1bea38c732c5299246aa0943d9e7', 16, 0, '2016-06-16 14:00:05', 0, '2016-06-12 19:19:32', 0),
(170, '275ec0935258069ff27cd263415170d7', 16, 0, '2016-06-16 14:00:05', 0, '2016-06-12 19:36:37', 0),
(171, 'bdc97783c220833015f5254d64b672e4', 16, 0, '2016-06-16 14:00:05', 0, '2016-06-12 19:38:02', 0),
(172, 'f65c2b6ea8fe2f498452b4cd074064bf', 16, 0, '2016-06-16 14:00:05', 0, '2016-06-12 19:39:54', 0),
(173, '40c0e819c62d11695247a661983c503b', 16, 0, '2016-06-16 14:00:05', 0, '2016-06-12 19:40:58', 0),
(174, 'd2103a4709be7db5a9dc4da4a4167262', 16, 0, '2016-06-16 14:00:05', 0, '2016-06-12 19:46:44', 0),
(175, '25131f8e7a15ff62cef61ee6e1a4ddbf', 16, 0, '2016-06-16 14:00:05', 0, '2016-06-12 19:50:16', 0),
(176, 'dc4fdf32e4f0b697497e45b36c1fdd58', 16, 0, '2016-06-16 14:00:05', 0, '2016-06-12 19:51:15', 0),
(177, '88d34e2f8433031fd2ec67a3a0531bb8', 16, 0, '2016-06-16 14:00:05', 0, '2016-06-12 19:52:39', 0),
(178, '413c8cf61ad75792e19f4ebe29d4e9f4', 16, 0, '2016-06-16 14:00:05', 0, '2016-06-12 19:53:59', 0),
(179, '309e6cdf55c5c2ccc1090692135e2a63', 16, 0, '2016-06-16 14:00:05', 0, '2016-06-12 19:54:41', 0),
(180, '4c9388b62a8ea8c34a8a9fa0831971b3', 16, 0, '2016-06-16 14:00:05', 0, '2016-06-12 19:57:02', 0),
(181, '7fa9cb963b97d971db3cbd6ca1d02617', 16, 0, '2016-06-16 14:00:05', 0, '2016-06-12 19:59:04', 0),
(182, 'f93279578d922bd76911fb1769a28c6b', 16, 0, '2016-06-16 14:00:05', 0, '2016-06-12 19:59:35', 0),
(183, '0bc9e84beac9efac95e2c597d559c98c', 16, 0, '2016-06-16 14:00:05', 0, '2016-06-12 20:00:18', 0),
(184, '7e855326dd609b290a7fdfafea294ebb', 16, 0, '2016-06-16 14:00:05', 0, '2016-06-12 20:01:00', 0),
(185, '79aa3eb142e519bbd3c5fc3605d350d0', 16, 0, '2016-06-16 14:00:05', 0, '2016-06-12 20:02:17', 0),
(186, 'd76b7ac0167dceea957e36e0513ff195', 16, 0, '2016-06-16 14:00:05', 0, '2016-06-12 20:06:39', 0),
(187, '63ed3bf9d0a2adbc1e967d9f3fa9c02c', 16, 0, '2016-06-16 14:00:05', 0, '2016-06-12 20:09:11', 0),
(188, '5b44897526862374c2b22f66a68bc5ad', 16, 0, '2016-06-16 14:00:05', 0, '2016-06-12 20:10:24', 0),
(189, '1fef81875cd2eb32270d463ab87e1abb', 16, 0, '2016-06-16 14:00:05', 0, '2016-06-12 20:11:24', 0),
(190, 'a1499f58eff45ac65829488b481b1d7c', 16, 0, '2016-06-16 14:00:05', 0, '2016-06-12 20:14:47', 0),
(191, '9ba5afa3b0ce211c129bbdbf6f90b296', 16, 0, '2016-06-16 14:00:05', 0, '2016-06-12 20:16:55', 0),
(192, '7d47c023936493f431de151e210a119c', 16, 0, '2016-06-16 14:00:05', 0, '2016-06-12 20:21:22', 0),
(193, '532fbce6aec4279d4554b237346eae96', 16, 0, '2016-06-16 14:00:05', 0, '2016-06-12 20:23:32', 0),
(194, 'bdfedf5c70109e651987873ab10b75ff', 16, 0, '2016-06-16 14:00:05', 0, '2016-06-12 20:30:24', 0),
(195, '5700e2ab60277af284cff088f358887d', 16, 0, '2016-06-16 14:00:05', 0, '2016-06-12 20:31:01', 0),
(196, '63f6c670a8687490499e51635d2277c2', 16, 0, '2016-06-16 14:00:05', 0, '2016-06-12 20:31:49', 0),
(197, '3269132c484a0d29c5948278b6159bb2', 16, 0, '2016-06-16 14:00:05', 0, '2016-06-12 20:59:22', 0),
(198, '534d2886bbb0a0fa300166d2be527d43', 16, 0, '2016-06-16 14:00:05', 0, '2016-06-12 21:00:12', 0),
(199, 'e9ffef0f1eae96a533ebd548a033288e', 16, 0, '2016-06-16 14:00:05', 0, '2016-06-12 21:00:55', 0),
(200, '4adf292bea504bde69c0feedbcf1308b', 16, 0, '2016-06-16 14:00:05', 0, '2016-06-12 21:01:31', 0),
(201, '371ab1d128c234cc023e4a41f13fe116', 16, 0, '2016-06-16 14:00:05', 0, '2016-06-12 21:02:15', 0),
(202, 'dbae5d8f0346307fa4516ab3083e5a58', 16, 0, '2016-06-16 14:00:05', 0, '2016-06-12 21:03:32', 0),
(203, 'b60fed098b6d0e55b542f2c1625be6fb', 16, 0, '2016-06-16 14:00:05', 0, '2016-06-12 21:05:05', 0),
(204, '3af8113f082d3f8c5ed0815831598446', 15, 0, '2016-06-16 14:00:05', 0, '2016-06-12 21:06:04', 0),
(205, '82323501504761be126c68407789647b', 16, 0, '2016-06-16 14:00:05', 0, '2016-06-12 21:06:23', 0),
(206, '3638e5cb0633d1e41e745ac3c2047452', 9, 0, '2016-06-16 14:00:05', 0, '2016-06-12 21:10:23', 0),
(207, '9aeb042bfaa02061cbe395f990eab0b7', 9, 0, '2016-06-16 14:00:05', 0, '2016-06-12 21:25:10', 0),
(208, '9e11399f97927f4cc5c6e58c51bf6834', 9, 0, '2016-06-16 14:00:05', 0, '2016-06-12 21:27:47', 0),
(209, 'ad2215529ddb53a678ae49cf88728ed9', 9, 0, '2016-06-16 14:00:05', 0, '2016-06-12 21:30:24', 0),
(210, 'c955328ab66f9bae4831c655fd32628e', 9, 0, '2016-06-16 14:00:05', 0, '2016-06-12 21:31:50', 0),
(211, '823dab00506fc4bb3adcfc99da8dcc78', 9, 0, '2016-06-16 14:00:05', 0, '2016-06-12 21:32:12', 0),
(212, '21dd586addce2329fce0998f298c3cc4', 9, 0, '2016-06-16 14:00:05', 0, '2016-06-12 21:34:37', 0),
(213, '8103994294cde59680c604122fbc9cdb', 9, 0, '2016-06-16 14:00:05', 0, '2016-06-12 21:35:42', 0),
(214, 'a96b56a8e35e304dd1fab18265debb5d', 9, 0, '2016-06-16 14:00:05', 0, '2016-06-12 21:36:34', 0),
(215, 'bc3acb6eb59e4b342727cac173e34654', 9, 0, '2016-06-16 14:00:05', 0, '2016-06-12 21:37:08', 0),
(216, 'f847d7a520885c354c27c0d75d5a324e', 9, 0, '2016-06-16 14:00:05', 0, '2016-06-12 21:37:33', 0),
(217, 'cf25a8dbf4439d2bc0b549e308ce6584', 9, 0, '2016-06-16 14:00:05', 0, '2016-06-12 21:43:53', 0),
(218, 'b85ed733a71f73529cf69e15d94c5aa5', 9, 0, '2016-06-16 14:00:05', 0, '2016-06-12 22:17:55', 0),
(219, '6dc5e782e2896e72094228967cc3e687', 9, 0, '2016-06-16 14:00:05', 0, '2016-06-12 22:23:54', 0),
(220, 'a5be890f6013ca9adf685d11fa2f9cce', 9, 0, '2016-06-16 14:00:05', 0, '2016-06-12 22:24:31', 0),
(221, '8464b762e3dd115f858e3faca1819f74', 9, 0, '2016-06-16 14:00:05', 0, '2016-06-12 22:24:56', 0),
(222, '0d4e42228494441b848da088fd9d9038', 9, 0, '2016-06-16 14:00:05', 0, '2016-06-12 22:25:52', 0),
(223, '3e7e7f7f56800945cd2705e6ad035efb', 9, 0, '2016-06-16 14:00:05', 0, '2016-06-12 22:27:21', 0),
(224, '34458dbda8689dd78a9ae4ac88faa9d5', 9, 0, '2016-06-16 14:00:05', 0, '2016-06-12 22:37:14', 0),
(225, '9f5cb4cc6dc7fb5f563ce9e28c56fb7f', 9, 0, '2016-06-16 14:00:05', 0, '2016-06-12 22:44:34', 0),
(226, '8e49e0208b6f635657c3b3a46afd8e64', 9, 0, '2016-06-16 14:00:05', 0, '2016-06-12 22:53:17', 0),
(227, 'f8cafa48b73cabc9a8418225dc5331a7', 9, 0, '2016-06-16 14:00:05', 0, '2016-06-12 22:54:40', 0),
(228, 'dbaac56e097f3f770149009067f17689', 9, 0, '2016-06-16 14:00:05', 0, '2016-06-12 22:55:09', 0),
(229, 'ca3d5f9abe9bc4f217e934012e83577e', 9, 0, '2016-06-16 14:00:05', 0, '2016-06-12 22:55:58', 0),
(230, '41c6103cedebe989ce491797347bf7f4', 9, 0, '2016-06-16 14:00:05', 0, '2016-06-12 22:56:15', 0),
(231, '16a7b174be94c2b231355c53202f9766', 9, 0, '2016-06-16 14:00:05', 0, '2016-06-12 22:56:38', 0),
(232, 'dfdea3eeb0c24acc2e845dba5e7c8c6e', 9, 0, '2016-06-16 14:00:05', 0, '2016-06-12 22:57:02', 0),
(233, 'f2c86b39e9a30b5cb679320670c71e7e', 9, 0, '2016-06-16 14:00:05', 0, '2016-06-12 23:05:15', 0),
(234, '00e64e2aa55d4d741ad91711b5762380', 9, 0, '2016-06-16 14:00:05', 0, '2016-06-12 23:06:09', 0),
(235, '79bf8c7118a432636007d7466ec3a025', 9, 0, '2016-06-16 14:00:05', 0, '2016-06-12 23:06:42', 0),
(236, '411e24c39d76e09925c96d7e3c59d286', 9, 0, '2016-06-16 14:00:05', 0, '2016-06-12 23:08:39', 0),
(237, 'bdcd2e9c5683d419d2ea6616953662e2', 9, 0, '2016-06-16 14:00:05', 0, '2016-06-12 23:09:19', 0),
(238, '21351f646361cd564843b9cad98c0031', 9, 0, '2016-06-16 14:00:05', 0, '2016-06-12 23:09:55', 0),
(239, 'b58fd27105216a863b3cddb42003d53a', 9, 0, '2016-06-16 14:00:05', 0, '2016-06-12 23:10:33', 0),
(240, '4dd53ee39c701c15182c980ced55e50c', 9, 0, '2016-06-16 14:00:05', 0, '2016-06-12 23:12:18', 0),
(241, '3d4d7d690d0dbb70e438104aeae6500e', 9, 0, '2016-06-16 14:00:05', 0, '2016-06-12 23:22:26', 0),
(242, '8de8ed7a8782784f2acc19be42e6aba2', 9, 0, '2016-06-16 14:00:05', 0, '2016-06-12 23:23:04', 0),
(243, '874020fc7fe25ae70de8ba0e9d1b4a95', 9, 0, '2016-06-16 14:00:05', 0, '2016-06-12 23:23:51', 0),
(244, 'd6fe174438edb9ce6beab8eca66383e0', 9, 0, '2016-06-16 14:00:05', 0, '2016-06-12 23:24:40', 0),
(245, '16476e7a151410c272b5ed5cda037bd7', 9, 0, '2016-06-16 14:00:05', 0, '2016-06-12 23:27:01', 0),
(246, '7222114b11b0d9257e5825fb6eefd642', 9, 0, '2016-06-16 14:00:05', 0, '2016-06-12 23:28:05', 0),
(247, '846c9ce5c8c3d4d314aea9f8d09bf1fb', 9, 0, '2016-06-16 14:00:05', 0, '2016-06-12 23:28:51', 0),
(248, 'c9183110caca840bb7050deac48b1145', 9, 0, '2016-06-16 14:00:05', 0, '2016-06-12 23:34:37', 0),
(249, 'f9602129fb3948d6f45e5d3e5e6cc85c', 9, 0, '2016-06-16 14:00:05', 0, '2016-06-12 23:35:51', 0),
(250, '38691e04277c06a787854a8b12947dd6', 9, 0, '2016-06-16 14:00:05', 0, '2016-06-12 23:39:19', 0),
(251, '4b0e687085d8a40179e89ee56ddf9e9a', 9, 0, '2016-06-16 14:00:05', 0, '2016-06-12 23:40:16', 0),
(252, '3978ca13caa5d8940bbe21bb7d307ac8', 9, 0, '2016-06-16 14:00:05', 0, '2016-06-12 23:43:41', 0),
(253, 'e388d4fcbdff5b7135d7ceaa8eab6851', 9, 0, '2016-06-16 14:00:05', 0, '2016-06-12 23:45:27', 0),
(254, 'ec8446bb67192aead6040fdb4cfb0038', 9, 0, '2016-06-16 14:00:05', 0, '2016-06-12 23:46:10', 0),
(255, '406cecc9994d6fc14cddf3503749d20e', 9, 0, '2016-06-16 14:00:05', 0, '2016-06-12 23:52:13', 0),
(256, '3933af5c349519f6fadc3bd98fe89809', 9, 0, '2016-06-16 14:00:05', 0, '2016-06-12 23:53:06', 0),
(257, '90b3dea7f4f74ddb09f231428318bc99', 9, 0, '2016-06-16 14:00:05', 0, '2016-06-12 23:54:50', 0),
(258, '7b509bfae32a8753e76d41c614413b97', 9, 0, '2016-06-16 14:00:05', 0, '2016-06-12 23:57:05', 0),
(259, '5d7057458382599c5b002a827428c596', 9, 0, '2016-06-16 14:00:05', 0, '2016-06-13 00:00:56', 0),
(260, '92e6e15f3a2eda9fd99dc165af9219b5', 9, 0, '2016-06-16 14:00:05', 0, '2016-06-13 00:01:18', 0),
(261, '3b52f12e6137720ae2d4cf7ec5b75295', 9, 0, '2016-06-16 14:00:05', 0, '2016-06-13 00:02:21', 0),
(262, '7d1c5253de5797ab5b5a5225b1f04b74', 9, 0, '2016-06-16 14:00:05', 0, '2016-06-13 00:05:22', 0),
(263, '73d384a7d64eef732d5d4845111bd786', 9, 0, '2016-06-16 14:00:05', 0, '2016-06-13 00:07:04', 0),
(264, '9fa0964a4535273e397d5f80f73cdcfd', 9, 0, '2016-06-16 14:00:05', 0, '2016-06-13 00:08:04', 0),
(265, 'c4538ea7529897a2d2a1292b21b4e013', 9, 0, '2016-06-16 14:00:05', 0, '2016-06-13 00:10:37', 0),
(266, '06e391c61a6d20ed82b18bd77c7ca675', 9, 0, '2016-06-16 14:00:05', 0, '2016-06-13 00:28:57', 0),
(267, 'ea2436c5684196656baafd6a78227e82', 9, 0, '2016-06-16 14:00:05', 0, '2016-06-13 00:30:19', 0),
(268, '48fae6ca47caf27bdd5c65592dbfd822', 9, 0, '2016-06-16 14:00:05', 0, '2016-06-13 00:34:05', 0),
(269, '96fa85fe0c1a8416898a6b0f6acbd6a7', 9, 0, '2016-06-16 14:00:05', 0, '2016-06-13 00:37:51', 0),
(270, 'a1f4b6a1f81651922a31671f75d8c2ce', 9, 0, '2016-06-16 14:00:05', 0, '2016-06-13 00:38:27', 0),
(271, '60ad24e1eb74f99583e09deb26436edf', 9, 0, '2016-06-16 14:00:05', 0, '2016-06-13 00:47:49', 0),
(272, 'aa3f81a0683eda96fd631bd14cd24aaa', 9, 0, '2016-06-16 14:00:05', 0, '2016-06-13 00:49:05', 0),
(273, '000d54aee716ebe7337e27a86e22eb77', 9, 0, '2016-06-16 14:00:05', 0, '2016-06-13 00:50:30', 0),
(274, '041846d094c471d117d67dcc743f62d9', 9, 0, '2016-06-16 14:00:05', 0, '2016-06-13 00:53:48', 0),
(275, 'a6a6573fc585d4a107f54851da721b1b', 7, 0, '2016-06-16 14:00:05', 0, '2016-06-13 01:04:34', 0),
(276, 'dcd8c7b64d0559ba2759094fb7cb137b', 7, 0, '2016-06-16 14:00:05', 0, '2016-06-13 01:10:40', 0),
(277, 'c7af3bf50da26679664f22155a4bd1a9', 7, 0, '2016-06-16 14:00:05', 0, '2016-06-13 01:11:02', 0),
(278, '2805c8668126a274629c9afef51a9f41', 7, 0, '2016-06-16 14:00:05', 0, '2016-06-13 01:15:58', 0),
(279, '03ff07aacaa4f030ec1c5b2b34cfe0f2', 7, 0, '2016-06-16 14:00:05', 0, '2016-06-13 01:17:42', 0),
(280, 'f90a1788a92b215de763c9282ad5acc0', 7, 0, '2016-06-16 14:00:05', 0, '2016-06-13 01:18:58', 0),
(281, '71e81b276c8d92e4e867cf21647dfdae', 7, 0, '2016-06-16 14:00:05', 0, '2016-06-13 01:19:24', 0),
(282, '4974993da989f9447cd9da77f8af92f8', 7, 0, '2016-06-16 14:00:05', 0, '2016-06-13 01:19:56', 0),
(283, '30528fa4ca071b74b370b1cb2c814896', 7, 0, '2016-06-16 14:00:05', 0, '2016-06-13 01:20:31', 0),
(284, '0046fbcc772f0244ca3d859e57f6ca7a', 7, 0, '2016-06-16 14:00:05', 0, '2016-06-13 01:25:47', 0),
(285, 'f00b3e4a490394652a45bed133d2564d', 7, 0, '2016-06-16 14:00:05', 0, '2016-06-13 01:26:36', 0),
(286, 'e78b58ebd593bf302dbe085bad65dcfe', 7, 0, '2016-06-16 14:00:05', 0, '2016-06-13 01:27:53', 0),
(287, '6a30b318ba85b0749562f5a15e6d667c', 7, 0, '2016-06-16 14:00:05', 0, '2016-06-13 01:28:50', 0),
(288, '6dc85ef8d2d7edfc604215790a46402e', 7, 0, '2016-06-16 14:00:05', 0, '2016-06-13 01:30:16', 0),
(289, '33fa62c42f73e455ee5ff994313e1cc2', 7, 0, '2016-06-16 14:00:05', 0, '2016-06-13 01:31:29', 0),
(290, 'ef77aecc44c1c9182e4dd515a13cb92a', 7, 0, '2016-06-16 14:00:05', 0, '2016-06-13 01:33:02', 0),
(291, 'd494bf88ac5f28b6a6a434a6fc2c459c', 7, 0, '2016-06-16 14:00:05', 0, '2016-06-13 01:36:30', 0),
(292, 'f5bc908754b3b4b70ea508f06d7b01d3', 9, 0, '2016-06-16 14:00:05', 1, '2016-06-13 07:40:40', 0),
(293, '43c3420e3d581bbac21c773ed11c1232', 9, 0, '2016-06-16 14:00:05', 1, '2016-06-13 07:41:20', 0),
(294, '7c375190aa92d6f4b8869dbed3bce5fe', 16, 0, '2016-06-16 14:00:05', 0, '2016-06-13 07:43:03', 0),
(295, '287b992522966102e3dc7556e5ca6f38', 9, 0, '2016-06-16 14:00:05', 0, '2016-06-13 07:44:15', 0),
(296, '11916230d05e5d28c4097bb7f5c6216f', 9, 0, '2016-06-16 14:00:05', 0, '2016-06-13 07:44:38', 0),
(297, 'e1fb3c8fd982cc71b1a538bef0f853a1', 9, 0, '2016-06-16 14:00:05', 1, '2016-06-13 07:44:48', 0),
(298, 'b886cc5ef30ccffd10be094ca07c8420', 16, 0, '2016-06-16 14:00:05', 0, '2016-06-13 07:54:11', 0),
(299, 'e76795e65f5e16e6c904e02b3142bb0c', 16, 0, '2016-06-16 14:00:05', 0, '2016-06-13 07:55:38', 0),
(300, 'b0027b20adde4457c28e3e59c93a4b4e', 9, 0, '2016-06-16 14:00:05', 0, '2016-06-13 07:55:57', 0),
(301, 'adbd070968abf1265a539a8cf27938e2', 9, 0, '2016-06-16 14:00:05', 0, '2016-06-13 08:08:31', 0),
(302, '9fe0d0fde1470d09f29ea73b8dc456d8', 9, 0, '2016-06-16 14:00:05', 0, '2016-06-13 08:12:44', 0),
(303, '47d9da184253094b1efcf1efeb0ffb70', 9, 0, '2016-06-16 14:00:05', 0, '2016-06-13 08:16:04', 0),
(304, '8fe7b4c1293e46f4fba56c7a150a3f39', 9, 0, '2016-06-16 14:00:05', 0, '2016-06-13 08:17:40', 0),
(305, '32f7fd91cdb310f52f53ccd2c2759254', 9, 0, '2016-06-16 14:00:05', 0, '2016-06-13 08:26:59', 0),
(306, 'dec7f2568eaf7b5cb6421dbc32b91042', 9, 0, '2016-06-16 14:00:05', 0, '2016-06-13 08:28:04', 0),
(307, 'aabbbffad74bcc28a1e3f98693138021', 9, 0, '2016-06-16 14:00:05', 0, '2016-06-13 08:29:09', 0),
(308, 'ad5c1bda663b82b8dd05ded7ae57eaff', 9, 0, '2016-06-16 14:00:05', 0, '2016-06-13 08:30:22', 0),
(309, '7959058cce6577badbfc562ff093cc08', 9, 0, '2016-06-16 14:00:05', 0, '2016-06-13 08:32:58', 0),
(310, '34a7c62ac620c75769ee77f8197eff30', 9, 0, '2016-06-16 14:00:05', 0, '2016-06-13 08:33:34', 0),
(311, '8ceb9e9830c4e859afe2fada6f16e42d', 9, 0, '2016-06-16 14:00:05', 0, '2016-06-13 08:34:53', 0),
(312, '434678069069635e17ab93d9d6b2ea3e', 9, 0, '2016-06-16 14:00:05', 0, '2016-06-13 08:35:15', 0),
(313, 'a9f72888c9d6c8d8f59a89be561c58d6', 9, 0, '2016-06-16 14:00:05', 0, '2016-06-13 08:38:14', 0),
(314, '4315e59ded6b5deb1a69fd6a28c0652b', 9, 0, '2016-06-16 14:00:05', 0, '2016-06-13 08:40:57', 0),
(315, '811c2a704fa5e742ebecfe239303963b', 9, 0, '2016-06-16 14:00:05', 0, '2016-06-13 08:41:37', 0),
(316, '42367b832c654c8e1e34aebb99cca024', 9, 0, '2016-06-16 14:00:05', 0, '2016-06-13 08:42:32', 0),
(317, '7f08393f10e5a06dd3b7fcfef53d1007', 9, 0, '2016-06-16 14:00:05', 0, '2016-06-13 08:43:11', 0),
(318, 'ed945aabe9a8c3a4fac69cbd3f0dd530', 9, 0, '2016-06-16 14:00:05', 0, '2016-06-13 08:44:00', 0),
(319, 'f1308c350c52a67f5b5071ebfa89a020', 9, 0, '2016-06-16 14:00:05', 0, '2016-06-13 08:48:23', 0),
(320, 'cd3dfa8ef43c92006747dce820e78799', 9, 0, '2016-06-16 14:00:05', 0, '2016-06-13 08:48:57', 0),
(321, '54749230edb2427982e0edb540e33534', 9, 0, '2016-06-16 14:00:05', 0, '2016-06-13 08:51:02', 0),
(322, 'ed047740177321c17db3ef0ba652221e', 9, 0, '2016-06-16 14:00:05', 0, '2016-06-13 09:00:48', 0),
(323, '634d77311fcd14a43e5618271053cd6b', 9, 0, '2016-06-16 14:00:05', 0, '2016-06-13 09:05:59', 0),
(324, 'bb11dc41d4f8ce009faf7fce9a658ca3', 9, 0, '2016-06-16 14:00:05', 0, '2016-06-13 09:07:17', 0),
(325, '687478e09eff1aef7af2eb7945819eb5', 9, 0, '2016-06-16 14:00:05', 0, '2016-06-13 09:08:15', 0),
(326, '90983b6982b198184a97226ae59d6c16', 9, 0, '2016-06-16 14:00:05', 0, '2016-06-13 09:09:01', 0),
(327, '3ae07aeb9df6fc2b62eaa349fc5c23e1', 9, 0, '2016-06-16 14:00:05', 0, '2016-06-13 09:10:21', 0),
(328, '5b2d1b94c8eb918455f52c0d32e8e4e3', 9, 0, '2016-06-16 14:00:05', 0, '2016-06-13 09:11:20', 0),
(329, '17ab1b7ff847891ac6bb860aeac417a1', 9, 0, '2016-06-16 14:00:05', 0, '2016-06-13 09:11:53', 0),
(330, '449671478e3f8c53e5066b4f9045ec52', 9, 0, '2016-06-16 14:00:05', 0, '2016-06-13 09:12:32', 0),
(331, '46e562b95c91b04d605488f0e4a04fb3', 9, 0, '2016-06-16 14:00:05', 0, '2016-06-13 09:15:33', 0),
(332, 'ddbab466b9e0cc1dcadb979745199b65', 17, 0, '2016-06-16 14:00:05', 0, '2016-06-13 09:21:58', 0),
(333, '8be3a83ab6093015e592a7929ea51a29', 17, 0, '2016-06-16 14:00:05', 0, '2016-06-13 09:23:19', 0),
(334, '8d9c2876d721c0d7782dde279dcd9fec', 17, 0, '2016-06-16 14:00:05', 0, '2016-06-13 09:24:15', 0),
(335, '886e6dc80006a9d34f6f9506cf3a3bbf', 17, 0, '2016-06-16 14:00:05', 0, '2016-06-13 09:25:11', 0),
(336, 'd4c672e460cae4331eea81d3343dee7b', 17, 0, '2016-06-16 14:00:05', 0, '2016-06-13 09:26:15', 0),
(337, '365f89307b703ac6fd39bd2ad8cbcd0d', 17, 0, '2016-06-16 14:00:05', 0, '2016-06-13 09:27:26', 0),
(338, '67ae83d2259d400d85dbebf8bbc559fe', 17, 0, '2016-06-16 14:00:05', 0, '2016-06-13 09:29:37', 0),
(339, 'f4a40da1ba4155aeb644c8f1ce2dd1ba', 17, 0, '2016-06-16 14:00:05', 0, '2016-06-13 09:30:46', 0),
(340, 'e22c1523f415d8d8611414936c1255d4', 17, 0, '2016-06-16 14:00:05', 0, '2016-06-13 09:34:04', 0),
(341, 'c5f31d842e65f8498969b5ebe7f45d2b', 17, 0, '2016-06-16 14:00:05', 0, '2016-06-13 09:50:15', 0),
(342, '4985233e607230fcddfea00d968c2170', 17, 0, '2016-06-16 14:00:05', 0, '2016-06-13 09:57:42', 0),
(343, 'e701899a3c168020c15017e2400d9aff', 17, 0, '2016-06-16 14:00:05', 0, '2016-06-13 09:59:13', 0),
(344, 'a869c26347ab7f749f06674f76ab6bdc', 17, 0, '2016-06-16 14:00:05', 0, '2016-06-13 10:00:14', 0),
(345, '5cd22a42184189b27fed9514f51419e9', 17, 0, '2016-06-16 14:00:05', 0, '2016-06-13 10:01:21', 0),
(346, '1ce43bc06d91c5019f01672e62d11796', 17, 0, '2016-06-16 14:00:05', 0, '2016-06-13 10:02:15', 0),
(347, 'd97aa7ab80076a4688b8a4c50758f97c', 17, 0, '2016-06-16 14:00:05', 0, '2016-06-13 10:03:13', 0),
(348, 'fd77b37a041c44c74ee910a09097112d', 17, 0, '2016-06-16 14:00:05', 0, '2016-06-13 10:04:43', 0),
(349, '9c81c81fbe5f832d0645a2659ce3f811', 17, 0, '2016-06-16 14:00:05', 0, '2016-06-13 10:06:56', 0),
(350, '2942bdb087616738d76343b3386c8e17', 17, 0, '2016-06-16 14:00:05', 0, '2016-06-13 10:21:06', 0),
(351, '179c780e4e7c15518b327356862753a6', 17, 0, '2016-06-16 14:00:05', 0, '2016-06-13 10:22:01', 0),
(352, 'ad47438ffaccd3b5618aa28a0572a3e6', 17, 0, '2016-06-16 14:00:05', 0, '2016-06-13 10:29:30', 0),
(353, 'ed2e903810f4b4968df9d00bf128a7e0', 9, 0, '2016-06-16 14:00:05', 0, '2016-06-13 10:31:31', 0),
(354, 'db97b29a15d69b4953184f31f7adba6d', 9, 0, '2016-06-16 14:00:05', 0, '2016-06-13 10:33:59', 0),
(355, 'eedd8869482cbbbcca9f0034139212a0', 9, 0, '2016-06-16 14:00:05', 0, '2016-06-13 10:43:09', 0),
(356, '111ef757baa596b70b08a764a735889c', 9, 0, '2016-06-16 14:00:05', 0, '2016-06-13 10:44:44', 0),
(357, 'f4623f9421966b531d67794900229ec5', 9, 0, '2016-06-16 14:00:05', 0, '2016-06-13 10:45:36', 0),
(358, 'a9d052c25e19917cffecf885d9ec3300', 9, 0, '2016-06-16 14:00:05', 0, '2016-06-13 10:49:03', 0),
(359, '72afa70a180aabad01fcf22e839533d3', 9, 0, '2016-06-16 14:00:05', 0, '2016-06-13 10:50:05', 0),
(360, '957f79aa951ee14fd5daf908bed9d442', 9, 0, '2016-06-16 14:00:05', 0, '2016-06-13 10:51:20', 0),
(361, '492119051ecc17857c5260a9a6c26161', 9, 0, '2016-06-16 14:00:05', 0, '2016-06-13 10:52:17', 0),
(362, 'b80e834653b7ab4e971225c0d4b6f561', 9, 0, '2016-06-16 14:00:05', 0, '2016-06-13 10:53:20', 0),
(363, '26b2b11cc93ffed988ee61f33edff955', 9, 0, '2016-06-16 14:00:05', 0, '2016-06-13 10:55:11', 0),
(364, '450436e460583ee8b8af397fd5c6a8d0', 9, 0, '2016-06-16 14:00:05', 0, '2016-06-13 10:56:24', 0),
(365, 'd54d20d3f0d23ca7617c200f3efcd9c5', 9, 0, '2016-06-16 14:00:05', 0, '2016-06-13 10:57:10', 0),
(366, '307aa49cf0fc4eecf48979d62803a2d7', 17, 0, '2016-06-16 14:00:05', 0, '2016-06-13 10:58:56', 0),
(367, '81a79af36a47fcaf94324e5dca49837b', 17, 0, '2016-06-16 14:00:05', 0, '2016-06-13 11:01:28', 0),
(368, '7727d1a4d4101c59caf8f8bfb2503b21', 17, 0, '2016-06-16 14:00:05', 0, '2016-06-13 11:01:57', 0),
(369, '34141b6157a31bf21b0bdcfd4e657202', 17, 0, '2016-06-16 14:00:05', 0, '2016-06-13 11:02:34', 0),
(370, '80d06cf8a38e7c009805e61146b60d62', 17, 0, '2016-06-16 14:00:05', 0, '2016-06-13 11:03:04', 0),
(371, '848dc09674ca00c75b7b7a6e4f073e7e', 17, 0, '2016-06-16 14:00:05', 0, '2016-06-13 11:04:50', 0),
(372, '0df1178ff24a7cd1ee7115b41886ad18', 17, 0, '2016-06-16 14:00:05', 0, '2016-06-13 11:05:37', 0),
(373, '4cac1c628e894e369f4e77780e0a81fc', 9, 0, '2016-06-16 14:00:05', 0, '2016-06-13 11:10:38', 0),
(374, '9f35bcb74f0f6e9a8db8910247f40179', 9, 0, '2016-06-16 14:00:05', 0, '2016-06-13 11:28:27', 0),
(375, '636e68761f5403ca80dece720741be81', 9, 0, '2016-06-16 14:00:05', 0, '2016-06-13 11:38:07', 0),
(376, 'f17af3f886b00c3190a5add7ee1b5a2b', 17, 0, '2016-06-16 14:00:05', 0, '2016-06-13 11:40:54', 0),
(377, 'f643d27a40ced93a84e60db3e9ab4b59', 17, 0, '2016-06-16 14:00:05', 0, '2016-06-13 11:42:50', 0),
(378, '88edbf00379172a15d85a318e7a86ca0', 17, 0, '2016-06-16 14:00:05', 0, '2016-06-13 11:43:02', 0),
(379, 'ac37adbafcae3ba5eacfcb648b554d94', 17, 0, '2016-06-16 14:00:05', 0, '2016-06-13 11:43:13', 0),
(380, 'a70f4ce276b73b544d51ca23cc4866e8', 18, 0, '2016-06-16 14:00:05', 0, '2016-06-13 13:25:50', 0),
(381, 'f73590f90a847b58905d7bbc39c06b98', 20, 0, '2016-06-16 14:00:05', 0, '2016-06-13 13:33:04', 0),
(382, 'c7a842a3b1a7d5ab32c05f7b963a623e', 18, 0, '2016-06-16 14:00:05', 0, '2016-06-13 13:33:12', 0),
(383, 'dfdf5550f3dadf111a7d53d148536c6d', 18, 0, '2016-06-16 14:00:05', 0, '2016-06-13 13:36:27', 0),
(384, 'b5dc71feac721ce9e15cbde74512e8ff', 20, 0, '2016-06-16 14:00:05', 0, '2016-06-13 13:37:54', 0),
(385, 'd18e9658f60be66c11a7747909b7c20e', 20, 0, '2016-06-16 14:00:05', 0, '2016-06-13 13:45:33', 0),
(386, '79ccf21139ec6000ab4baa041fe78f4b', 18, 0, '2016-06-16 14:00:05', 0, '2016-06-13 13:45:53', 0),
(387, 'f064925887c560e14a058609107063fb', 19, 0, '2016-06-16 14:00:05', 0, '2016-06-13 13:49:02', 0),
(388, '4aff6809d06f64e985b6e3fcaedd63cb', 18, 0, '2016-06-16 14:00:05', 0, '2016-06-13 13:49:23', 0),
(389, 'f111d612ec0945a141eede619abe0fae', 18, 0, '2016-06-16 14:00:05', 0, '2016-06-13 13:51:06', 0),
(390, 'ea8a184dcb4e5cb679670dbd244e2be1', 19, 0, '2016-06-16 14:00:05', 0, '2016-06-13 13:51:51', 0),
(391, 'ca52ca2e238960d6cf31b32742dd1e7c', 20, 0, '2016-06-16 14:00:05', 0, '2016-06-13 13:54:24', 0),
(392, 'b86cf56e9a79cd7ea30ef7a98364263d', 19, 0, '2016-06-16 14:00:05', 0, '2016-06-13 14:01:22', 0),
(393, 'ff4aa1077c2ebd930718986736ea13b0', 20, 0, '2016-06-16 14:00:05', 0, '2016-06-13 14:02:18', 0),
(394, '9ca6155524f0b4be4e8023a211e23ca8', 19, 0, '2016-06-16 14:00:05', 0, '2016-06-13 14:04:53', 0),
(395, '39a5e50cebfbb3205519c9703dd327fa', 19, 0, '2016-06-16 14:00:05', 0, '2016-06-13 14:07:34', 0),
(396, '96b61189969fd16b7f486c25a63360b5', 20, 0, '2016-06-16 14:00:05', 0, '2016-06-13 14:10:14', 0),
(397, '552b7c9f18b3b5271be2bdd0b2fb2620', 20, 0, '2016-06-16 14:00:05', 0, '2016-06-13 14:12:37', 0),
(398, '8df0c4bca46444ce3b5d94c7e57fda4c', 19, 0, '2016-06-16 14:00:05', 0, '2016-06-13 14:12:48', 0),
(399, 'c87a7cd2671ec6255c21ae50cf1b0976', 19, 0, '2016-06-16 14:00:05', 0, '2016-06-13 14:16:09', 0),
(400, 'ec4a70ed34af659326ab7b277a79342d', 19, 0, '2016-06-16 14:00:05', 0, '2016-06-13 14:18:22', 0),
(401, 'c7eed1fd69349d2aab6f0839088d070f', 20, 0, '2016-06-16 14:00:05', 0, '2016-06-13 14:20:54', 0),
(402, '0da3c2fd1ba7af561dd0e25b81ecb16a', 19, 0, '2016-06-16 14:00:05', 0, '2016-06-13 14:22:35', 0),
(403, '5fa405bc67545e2a2064c19c88f32844', 19, 0, '2016-06-16 14:00:05', 0, '2016-06-13 14:25:21', 0),
(404, '386cb334835519be6c66214a663ec82e', 19, 0, '2016-06-16 14:00:05', 0, '2016-06-13 14:27:16', 0),
(405, '20adf95138008a7dd0f32b986a1abcf8', 19, 0, '2016-06-16 14:00:05', 0, '2016-06-13 14:28:25', 0),
(406, 'ed8ccc02c2d734f66af03614cf9d6f65', 19, 0, '2016-06-16 14:00:05', 0, '2016-06-13 14:30:27', 0),
(407, '1f6471dfc5c3e2cb1de391af2fd30402', 19, 0, '2016-06-16 14:00:05', 0, '2016-06-13 14:31:53', 0),
(408, '4a1c107359f82bb9c43e79eef1cf47ad', 19, 0, '2016-06-16 14:00:05', 0, '2016-06-13 14:33:38', 0),
(409, '26a040fcc2c49be7b67b7b19a049b2f2', 19, 0, '2016-06-16 14:00:05', 0, '2016-06-13 14:34:38', 0),
(410, '697c3557cf6baf313f6d27bbaef5c948', 19, 0, '2016-06-16 14:00:05', 0, '2016-06-13 14:41:07', 0),
(411, '2cbc3c39546bcb19ab4b163df490cd87', 19, 0, '2016-06-16 14:00:05', 0, '2016-06-13 14:42:39', 0),
(412, 'd50ff12098d5e7512bb1f54f02315f2b', 19, 0, '2016-06-16 14:00:05', 0, '2016-06-13 15:44:17', 0),
(413, '1a7191511b2ac2881475cb5155d78840', 20, 0, '2016-06-16 14:00:05', 0, '2016-06-13 15:44:23', 0),
(414, 'd19e34299df28a3baba6dd3177989b93', 19, 0, '2016-06-16 14:00:05', 0, '2016-06-13 15:46:03', 0),
(415, 'ef66e81f1b8fed7f134a9991aa269e5a', 16, 0, '2016-06-16 14:00:05', 0, '2016-06-13 18:04:07', 0),
(416, 'bfcd7abfd65b0cd24e36cbc635725104', 16, 0, '2016-06-16 14:00:05', 0, '2016-06-13 18:24:29', 0),
(417, '284c7a9c512f8cf6aa449638690260b8', 16, 0, '2016-06-16 14:00:05', 0, '2016-06-13 18:24:37', 0),
(418, '37f91b95c7e10cb60f961aca3db4f11e', 22, 0, '2016-06-16 14:00:05', 0, '2016-06-13 18:27:23', 0),
(419, '975e233aee512af02f9fb52b1acc142f', 21, 0, '2016-06-16 14:00:05', 0, '2016-06-13 18:29:32', 0),
(420, '5981ce9806f86f24b8da460d0ed0b9ed', 22, 0, '2016-06-16 14:00:05', 0, '2016-06-13 19:27:20', 0),
(421, '5a8d26ffe7ec96047b57bf77f49762cb', 22, 0, '2016-06-16 14:00:05', 0, '2016-06-13 19:28:19', 0),
(422, '9c82d24d4cb78a07188ddb5479a5ceb4', 22, 0, '2016-06-16 14:00:05', 0, '2016-06-13 19:32:31', 0),
(423, '12c520c497ffad69c31e1315dabb8a08', 22, 0, '2016-06-16 14:00:05', 0, '2016-06-13 19:33:06', 0),
(424, '122e264b2d5099e161474dc1506c43a4', 21, 0, '2016-06-16 14:00:05', 0, '2016-06-13 19:33:45', 0),
(425, '6b7ad7e51a03deaedf398312d2d39baf', 22, 0, '2016-06-16 14:00:05', 0, '2016-06-13 19:37:50', 0),
(426, 'b234dbc564a10ba3948bbf5fad56609a', 21, 0, '2016-06-16 14:00:05', 0, '2016-06-13 19:38:48', 0),
(427, '36d463b5ffd7991e481cc333ffbffb2b', 21, 0, '2016-06-16 14:00:05', 0, '2016-06-13 19:49:40', 0),
(428, '94404c47fae412d45b2eb054aee3d909', 21, 0, '2016-06-16 14:00:05', 0, '2016-06-13 19:50:33', 0),
(429, '68142c574226cc5af0f9a0fa61f6d813', 21, 0, '2016-06-16 14:00:05', 0, '2016-06-13 19:52:04', 0),
(430, 'c0060f00ca331af7742cfae20a783c42', 21, 0, '2016-06-16 14:00:05', 0, '2016-06-13 19:53:10', 0),
(431, 'd66b08fa8fd10740c145bcea370d4568', 21, 0, '2016-06-16 14:00:05', 0, '2016-06-13 20:10:14', 0),
(432, '1199592d9a03750e90e8f4765a7cec89', 21, 0, '2016-06-16 14:00:05', 0, '2016-06-13 20:11:20', 0),
(433, 'e49b2db2f0be760c614d40aaca334287', 21, 0, '2016-06-16 14:00:05', 0, '2016-06-13 20:19:08', 0),
(434, '7216fa7f52f9530f8a5b0f9f0b626d64', 21, 0, '2016-06-16 14:00:05', 0, '2016-06-13 20:21:37', 0),
(435, '47f8e1f3f9390acefa9c485c128ce4ae', 21, 0, '2016-06-16 14:00:05', 0, '2016-06-13 20:32:41', 0),
(436, 'f1c50f68b601610d24d18d0925f52e16', 22, 0, '2016-06-16 14:00:05', 0, '2016-06-13 20:54:47', 0),
(437, '632b3c222984ce176970d662b115f47a', 21, 0, '2016-06-16 14:00:05', 0, '2016-06-13 20:57:22', 0),
(438, '92ed6dfc81eeb862e63185bebd2383d6', 21, 0, '2016-06-16 14:00:05', 0, '2016-06-13 20:58:27', 0),
(439, 'd8d981f61c670e5f3c1c1e6880836676', 21, 0, '2016-06-16 14:00:05', 0, '2016-06-13 21:05:49', 0),
(440, 'ebb0e6f882e0956a6170450aa5ac8146', 21, 0, '2016-06-16 14:00:05', 0, '2016-06-13 21:08:36', 0),
(441, '601c4580ed5c7722c759634341208e4e', 21, 0, '2016-06-16 14:00:05', 0, '2016-06-13 21:10:33', 0),
(442, '1f59940ae8781444cb04d6df9f01061d', 21, 0, '2016-06-16 14:00:05', 0, '2016-06-13 21:50:04', 0),
(443, '9ce1e2edac2fc440d636e73b7b39e502', 22, 0, '2016-06-16 14:00:05', 0, '2016-06-13 22:06:11', 0),
(444, '12c34d96ed821d06b06a294c45cc2fa9', 22, 0, '2016-06-16 14:00:05', 0, '2016-06-13 22:16:28', 0),
(445, '5c2e91de18ba052f677de3b0c3667697', 22, 0, '2016-06-16 14:00:05', 0, '2016-06-13 22:24:25', 0),
(446, 'c9f5ef71c00f8292d71bea0d1a8a10c9', 22, 0, '2016-06-16 14:00:05', 0, '2016-06-13 22:25:33', 0),
(447, '643bcb1da5fe13778e24cda15cb62c83', 22, 0, '2016-06-16 14:00:05', 0, '2016-06-13 22:26:10', 0),
(448, '690bc675d977c900b0bfd7e8b4827bc1', 22, 0, '2016-06-16 14:00:05', 0, '2016-06-13 22:43:28', 0),
(449, 'ade8943170515b7ebec7687c0b2dd934', 21, 0, '2016-06-16 14:00:05', 0, '2016-06-13 22:46:32', 0),
(450, 'e74c41eb0d5d5e5b6238e28acee5be74', 22, 0, '2016-06-16 14:00:05', 0, '2016-06-13 22:46:52', 0),
(451, '2c1514a7ddab30a233fe65976c562ef3', 22, 0, '2016-06-16 14:00:05', 0, '2016-06-13 22:55:56', 0),
(452, 'adf71857c19ef63b73d2793f940926c9', 21, 0, '2016-06-16 14:00:05', 0, '2016-06-13 23:03:46', 0),
(453, 'ba16ab24dbf8fd9834fcde0d94da653c', 22, 0, '2016-06-16 14:00:05', 0, '2016-06-13 23:03:54', 0),
(454, '0607983aec1e5b3de4b516d1e5f8c432', 22, 0, '2016-06-16 14:00:05', 0, '2016-06-13 23:13:59', 0),
(455, '96fcbbdd7f1794d7a7b424bbf697b871', 22, 0, '2016-06-16 14:00:05', 0, '2016-06-13 23:18:08', 0),
(456, 'd84798166d33505bd8cd992e92865011', 22, 0, '2016-06-16 14:00:05', 0, '2016-06-13 23:18:51', 0),
(457, '3616aea9e43f0b2b92c854313a8335ff', 22, 0, '2016-06-16 14:00:05', 0, '2016-06-13 23:19:38', 0),
(458, 'b639311d106135370892bb9ef202a8d7', 22, 0, '2016-06-16 14:00:05', 0, '2016-06-13 23:20:31', 0),
(459, '65d2664bc85b1bcbcbb1c0f5aa5ca756', 22, 0, '2016-06-16 14:00:05', 0, '2016-06-13 23:25:54', 0),
(460, 'f23a392b4f4044f81528e8c82791cfb0', 22, 0, '2016-06-16 14:00:05', 0, '2016-06-13 23:27:28', 0),
(461, 'f3f9ce78493f9edaf63096a66e6e23e3', 22, 0, '2016-06-16 14:00:05', 0, '2016-06-13 23:29:36', 0),
(462, 'be65d39c5c0c9374e64c0c3a558c29af', 22, 0, '2016-06-16 14:00:05', 0, '2016-06-13 23:30:12', 0),
(463, 'dfe6e77cf10d83eae5cb00900005e6af', 22, 0, '2016-06-16 14:00:05', 0, '2016-06-13 23:30:39', 0),
(464, '3940aa49cd6557e6bf4afc93615e5c81', 22, 0, '2016-06-16 14:00:05', 0, '2016-06-13 23:31:19', 0),
(465, '339a1a4033be524c55ae1dee1034e1cd', 22, 0, '2016-06-16 14:00:05', 0, '2016-06-13 23:36:03', 0),
(466, '8a09678d558d577e068b8a15e3afc6bc', 21, 0, '2016-06-16 14:00:05', 0, '2016-06-13 23:40:04', 0),
(467, '8e72955edf7cfd885c0bc90bc570dc84', 22, 0, '2016-06-16 14:00:05', 0, '2016-06-13 23:42:49', 0),
(468, '7c9588f4a4b76c94bf3c06ab2db529f2', 21, 0, '2016-06-16 14:00:05', 0, '2016-06-13 23:42:58', 0),
(469, 'f6c47d77e654681b4bed37be4a70aa79', 22, 0, '2016-06-16 14:00:05', 0, '2016-06-13 23:46:53', 0),
(470, 'ac83e5e31c71cca80240d94fa1f53375', 22, 0, '2016-06-16 14:00:05', 0, '2016-06-13 23:48:14', 0),
(471, '0682647bff95f067a76420e603851e7c', 22, 0, '2016-06-16 14:00:05', 0, '2016-06-13 23:51:30', 0),
(472, '89e0723288a1bf7d2909d761eb74d3f5', 22, 0, '2016-06-16 14:00:05', 0, '2016-06-13 23:53:20', 0),
(473, 'd4c0a5b56a762e83e18bd59d5b16d625', 19, 0, '2016-06-16 14:00:05', 0, '2016-06-14 01:46:33', 0),
(474, '301417d46d6f4291dbde4020724e4900', 19, 0, '2016-06-16 14:00:05', 0, '2016-06-14 01:47:52', 0),
(475, '63da2c47073dab4646a5d1e434732bf4', 22, 0, '2016-06-16 14:00:05', 0, '2016-06-14 01:48:02', 0),
(476, '172be18ed4b77b57702ddabcca48ab5e', 22, 0, '2016-06-16 14:00:05', 0, '2016-06-14 01:48:08', 0),
(477, 'fe36448c2a1486bca32d87cd29b4d6f0', 19, 0, '2016-06-16 14:00:05', 0, '2016-06-14 01:51:45', 0),
(478, '9d810aa73f5ea468a833a51ec1b18458', 22, 0, '2016-06-16 14:00:05', 0, '2016-06-14 01:52:44', 0),
(479, '3030bbc714ccceb63bd51507785bd8af', 22, 0, '2016-06-16 14:00:05', 0, '2016-06-14 02:15:39', 0),
(480, '106ae8d4269675a71a5f3754940398f4', 19, 0, '2016-06-16 14:00:05', 0, '2016-06-14 02:17:22', 0),
(481, '0955ade39743a0ba1e970cbf3da70a34', 19, 0, '2016-06-16 14:00:05', 0, '2016-06-14 02:17:41', 0),
(482, '7d5e3aeeacacf29ac09a5f40a27f5531', 19, 0, '2016-06-16 14:00:05', 0, '2016-06-14 02:17:46', 0),
(483, '3ae3b429b89e6b748b9b76e813b6bfb9', 19, 0, '2016-06-16 14:00:05', 0, '2016-06-14 02:17:52', 0),
(484, '6ebcf34d690685d8d7db377ee856d938', 19, 0, '2016-06-16 14:00:05', 0, '2016-06-14 02:20:06', 0),
(485, 'bc6e4db0b2fb414690b2afcd686ac085', 22, 0, '2016-06-16 14:00:05', 0, '2016-06-14 02:21:34', 0),
(486, '3dd99f2cce436464c16ace04733fea55', 21, 0, '2016-06-16 14:00:05', 0, '2016-06-14 02:24:38', 0),
(487, '0f9d37e0655279141052c7f489e70ca3', 23, 0, '2016-06-16 14:00:05', 0, '2016-06-14 09:00:40', 0),
(488, '127e1f751c83dcdef384d41c0a8227a9', 23, 0, '2016-06-16 14:00:05', 0, '2016-06-14 09:03:39', 0),
(489, 'f4495ac64dea373fa406f7271ca3860d', 23, 0, '2016-06-16 14:00:05', 0, '2016-06-14 09:15:08', 0),
(490, 'ef35f99f15488e1f6ce1cbf8f342cc63', 21, 0, '2016-06-16 14:00:05', 0, '2016-06-14 09:16:41', 0),
(491, '6548ff9221b10a9e8c98caff803ddef9', 21, 0, '2016-06-16 14:00:05', 0, '2016-06-14 09:19:54', 0),
(492, 'f7a63ac8c4225a9877a8c461c60567d1', 21, 0, '2016-06-16 14:00:05', 0, '2016-06-14 09:20:18', 0),
(493, '719db481bcb75dea1e4b34c15c76b66e', 21, 0, '2016-06-16 14:00:05', 0, '2016-06-14 09:23:23', 0),
(494, 'df3fa20660cf40429b8609e3f3aa094f', 23, 0, '2016-06-16 14:00:05', 0, '2016-06-14 09:39:30', 0),
(495, 'e3e9d94c45d45c716de3ae5a1809e57b', 22, 0, '2016-06-16 14:00:05', 0, '2016-06-14 09:53:44', 0),
(496, '0b0b9cf549aba5e729ff651dc7b25362', 21, 0, '2016-06-16 14:00:05', 0, '2016-06-14 09:56:39', 0),
(497, '40e2794d63c2cc0d96a092b332ccb54c', 21, 0, '2016-06-16 14:00:05', 0, '2016-06-14 09:57:07', 0),
(498, 'f85cce5b0bb9bfecd401b58e8ef93705', 21, 0, '2016-06-16 14:00:05', 0, '2016-06-14 09:58:41', 0),
(499, 'bd7ffffb765c2cfc14aa08643dc5a6f7', 21, 0, '2016-06-16 14:00:05', 0, '2016-06-14 10:03:25', 0),
(500, '4a7fbe643f5d7720f4a82bc231cb73af', 21, 0, '2016-06-16 14:00:05', 0, '2016-06-14 10:05:25', 0),
(501, '47834a2341592b41db25ccb44b3b4b0c', 22, 0, '2016-06-16 14:00:05', 0, '2016-06-14 10:25:24', 0),
(502, 'b1b09aeba9d53cdc28745c3c028f2c1b', 22, 0, '2016-06-16 14:00:05', 0, '2016-06-14 10:26:29', 0),
(503, 'a3e2a60fcad08c0a19774dda1ea691cb', 23, 0, '2016-06-16 14:00:05', 0, '2016-06-14 11:02:22', 0),
(504, 'bc93e42e29b9865f76afa8e9cd10b4a3', 26, 0, '2016-06-16 14:00:05', 0, '2016-06-14 11:02:32', 0),
(505, 'b4df4afeb01eac4461776af91c8e83d0', 23, 0, '2016-06-16 14:00:05', 0, '2016-06-14 11:06:15', 0),
(506, 'ecd721117b57fe16b4ea69ed5d27aae1', 23, 0, '2016-06-16 14:00:05', 1, '2016-06-14 11:09:54', 0),
(507, '38405014746fab7c03f4583da9f3cfb6', 23, 0, '2016-06-16 14:00:05', 0, '2016-06-14 11:10:55', 0),
(508, 'f6b49e61919e0e0f550d14d51bce8c92', 23, 0, '2016-06-16 14:00:05', 0, '2016-06-14 11:11:04', 0),
(509, '0259eb53eb19df4d9b96f8ab384f55af', 28, 0, '2016-06-16 14:00:05', 0, '2016-06-14 11:21:26', 0),
(510, '200b5238fbf391c5799680a02b852e5d', 28, 0, '2016-06-16 14:00:05', 0, '2016-06-14 11:23:21', 0),
(511, '4664839808d850e2c804f8532486f031', 22, 0, '2016-06-16 14:00:05', 0, '2016-06-14 18:33:56', 0),
(512, '2425af82137514b28243d37fe9b18aed', 22, 0, '2016-06-16 14:00:05', 0, '2016-06-14 18:39:05', 0),
(513, '427ad799c5dbb1796075da597577fcef', 22, 0, '2016-06-16 14:00:05', 0, '2016-06-14 18:43:52', 0),
(514, 'd2cd302969b1058e46a36f449e1e8705', 22, 0, '2016-06-16 14:00:05', 0, '2016-06-14 19:03:17', 0),
(515, '7b6534deb3647b6d64541d9443efef5c', 22, 0, '2016-06-16 14:00:05', 0, '2016-06-14 19:10:27', 0),
(516, 'd51b1ce325c849711834d90b676583cf', 22, 0, '2016-06-16 14:00:05', 0, '2016-06-14 19:20:35', 0),
(517, '2c824b74c6664504295b510826c22e7c', 22, 0, '2016-06-16 14:00:05', 0, '2016-06-14 19:24:14', 0),
(518, '7fd90193102c9728ba9e57e4d0a91a87', 22, 0, '2016-06-16 14:00:05', 0, '2016-06-14 19:25:59', 0),
(519, 'b6d9bd7d5c6315e9534e836dbc10bbc7', 22, 0, '2016-06-16 14:00:05', 0, '2016-06-14 19:26:37', 0),
(520, '2f955603c9fe821bb426b0806f03d97b', 22, 0, '2016-06-16 14:00:05', 0, '2016-06-14 19:27:34', 0),
(521, '26257ee328236dd78a8164006c2b1f51', 22, 0, '2016-06-16 14:00:05', 0, '2016-06-14 19:32:47', 0),
(522, '7d20888c5a6e440898d9fae65a45f230', 22, 0, '2016-06-16 14:00:05', 0, '2016-06-14 19:34:04', 0),
(523, 'e506c7acba2ce5969d643aadc2024e11', 22, 0, '2016-06-16 14:00:05', 0, '2016-06-14 19:35:54', 0),
(524, '7792439f1c1d1fbebc6987a62cf771a9', 22, 0, '2016-06-16 14:00:05', 0, '2016-06-14 19:42:02', 0);
INSERT INTO `qtr_access` (`id`, `access_token`, `user_id`, `usertype`, `timestamp`, `keep_signed_in`, `expire`, `online`) VALUES
(525, 'ba468af9a17c096b59a7fc97e198946a', 22, 0, '2016-06-16 14:00:05', 0, '2016-06-14 19:42:47', 0),
(526, '54672d131111de657107f6f41e8b55ac', 22, 0, '2016-06-16 14:00:05', 0, '2016-06-14 19:43:42', 0),
(527, 'e770025095d5b1b4670d7d8c38c34fc9', 22, 0, '2016-06-16 14:00:05', 0, '2016-06-14 19:44:20', 0),
(528, 'adabde3c9773588ef7041d9ffc6ed4b7', 22, 0, '2016-06-16 14:00:05', 0, '2016-06-14 19:45:00', 0),
(529, '3311a49fbe26f7256a14b43abc7deeea', 22, 0, '2016-06-16 14:00:05', 0, '2016-06-14 19:52:35', 0),
(530, '2b95647cddc7fd80245ee1ad54d31cc7', 22, 0, '2016-06-16 14:00:05', 0, '2016-06-14 19:55:28', 0),
(531, 'c5a761520b690f468611b89eee1e407e', 22, 0, '2016-06-16 14:00:05', 0, '2016-06-14 19:57:09', 0),
(532, 'c17ec447f966013a0a398ef01f654fdf', 21, 0, '2016-06-16 14:00:05', 0, '2016-06-14 20:03:51', 0),
(533, '964d5ca28ce58e84534c5b483af37166', 22, 0, '2016-06-16 14:00:05', 0, '2016-06-14 20:04:21', 0),
(534, 'f6d9bd9f08085d96f5136dbc48e59406', 22, 0, '2016-06-16 14:00:05', 0, '2016-06-14 20:06:57', 0),
(535, '9b4c6df94a984a44a45fadc601378bb7', 21, 0, '2016-06-16 14:00:05', 0, '2016-06-14 20:07:15', 0),
(536, 'ba6446d80eb8b3c460a951cfa49a9383', 22, 0, '2016-06-16 14:00:05', 0, '2016-06-14 20:16:41', 0),
(537, 'bb126d04935bf5ee26e140ae13aa1d64', 22, 0, '2016-06-16 14:00:05', 0, '2016-06-14 20:24:38', 0),
(538, '84b8dd3c9d0fa6c6e85e3d3745690891', 21, 0, '2016-06-16 14:00:05', 0, '2016-06-14 20:35:45', 0),
(539, '28987ba9599129c45d8e8833be977ed2', 22, 0, '2016-06-16 14:00:05', 0, '2016-06-14 21:12:16', 0),
(540, 'e27973a6bea4a86e7977fd6b44a910d2', 22, 0, '2016-06-16 14:00:05', 0, '2016-06-14 21:14:25', 0),
(541, '977a3e8510fae37e21594146a3a4396c', 22, 0, '2016-06-16 14:00:05', 0, '2016-06-14 21:20:47', 0),
(542, '252411a9f1cc8973ba48009e327461fa', 22, 0, '2016-06-16 14:00:05', 0, '2016-06-14 21:22:54', 0),
(543, '16e1c3f1d6d55622faaa55a14c6f08dd', 22, 0, '2016-06-16 14:00:05', 0, '2016-06-14 21:28:34', 0),
(544, '9d643e43cfecb6657e9ab399666a7f8e', 22, 0, '2016-06-16 14:00:05', 1, '2016-06-14 21:30:51', 0),
(545, 'c66edf1f6a861fd74abffb0765da6156', 22, 0, '2016-06-16 14:00:05', 0, '2016-06-14 22:00:09', 0),
(546, '1ee02803676452658432596754900666', 21, 0, '2016-06-16 14:00:05', 0, '2016-06-14 22:02:02', 0),
(547, 'e5fcc62877bacfe75301b7fa51a5f179', 21, 0, '2016-06-16 14:00:05', 0, '2016-06-14 22:02:42', 0),
(548, '4f9051fb2c6c2610e9c59f490a27a119', 22, 0, '2016-06-16 14:00:05', 0, '2016-06-15 07:20:55', 0),
(549, '677e069d76635ea05cf557cbaa0b1ec1', 22, 0, '2016-06-16 14:00:05', 0, '2016-06-15 07:21:25', 0),
(550, 'ab58fe43a0a196312314942fbb5794b3', 22, 0, '2016-06-16 14:00:05', 0, '2016-06-15 07:22:16', 0),
(551, '985176aa942fa27e09fccdf99c14f043', 22, 0, '2016-06-16 14:00:05', 0, '2016-06-15 07:25:05', 0),
(552, '107114a05a7ea1ecc40ede2865494b1a', 22, 0, '2016-06-16 14:00:05', 0, '2016-06-15 07:25:45', 0),
(553, 'dd8630ca183d57a56ae7033379f36d32', 22, 0, '2016-06-16 14:00:05', 0, '2016-06-15 07:27:59', 0),
(554, '749fbaea2c4aeb57be6c1d15c06842ef', 22, 0, '2016-06-16 14:00:05', 0, '2016-06-15 07:28:54', 0),
(555, 'd9fbfa0458e9a9f957c85cf2294a44ac', 22, 0, '2016-06-16 14:00:05', 0, '2016-06-15 07:35:24', 0),
(556, '6202c342555c968a41535e4614da1050', 22, 0, '2016-06-16 14:00:05', 0, '2016-06-15 07:36:03', 0),
(557, 'ae6903769aec4c4a1808b6076e37d170', 22, 0, '2016-06-16 14:00:05', 0, '2016-06-15 07:36:51', 0),
(558, 'ba3f6adf69b45a929bee16f392aa677f', 22, 0, '2016-06-16 14:00:05', 0, '2016-06-15 07:41:25', 0),
(559, '9e7143a230c7a743737f1247b6e8961b', 22, 0, '2016-06-16 14:00:05', 0, '2016-06-15 07:42:39', 0),
(560, '418b1c5caf47455febacb8fd99af9d3b', 21, 0, '2016-06-16 14:00:05', 0, '2016-06-15 07:50:06', 0),
(561, '6c53450c0de6d6a17f4e55b4ead35b0f', 21, 0, '2016-06-16 14:00:05', 0, '2016-06-15 07:53:20', 0),
(562, 'a919578732aa92efed30fa7e54744086', 21, 0, '2016-06-16 14:00:05', 0, '2016-06-15 07:54:16', 0),
(563, '8ef00aee7f1822938972e5c41b2914a7', 22, 0, '2016-06-16 14:00:05', 0, '2016-06-15 07:56:45', 0),
(564, '344fa6c8aebf267a04cbd49ae1d83ce8', 21, 0, '2016-06-16 14:00:05', 0, '2016-06-15 07:56:49', 0),
(565, '5ddc0f76ce4cae7c2644dbca831e676e', 21, 0, '2016-06-16 14:00:05', 0, '2016-06-15 07:58:58', 0),
(566, 'b784fb787dff4fca40923f69fd775bfc', 21, 0, '2016-06-16 14:00:05', 0, '2016-06-15 08:01:00', 0),
(567, 'f78ab5804aedcac7b260118a8f6b77f6', 22, 0, '2016-06-16 14:00:05', 0, '2016-06-15 08:01:04', 0),
(568, 'caea20dfdc57569537a4fd0f0f29eef7', 22, 0, '2016-06-16 14:00:05', 0, '2016-06-15 08:02:24', 0),
(569, '558c0ede4fdc20218c964a051f3210df', 22, 0, '2016-06-16 14:00:05', 0, '2016-06-15 08:04:56', 0),
(570, '1f203abf00f7a266cdd77a4d43eaf0cd', 21, 0, '2016-06-16 14:00:05', 0, '2016-06-15 08:10:19', 0),
(571, 'cdb18891cbfa71e78174e0e3fa12c1c8', 21, 0, '2016-06-16 14:00:05', 0, '2016-06-15 08:11:32', 0),
(572, 'd7d762264a93d51c30a6fc4ca9ce69fd', 22, 0, '2016-06-16 14:00:05', 0, '2016-06-15 08:35:52', 0),
(573, 'f5d9c6335fcfb3f82b9a5abdc73ef6c5', 22, 0, '2016-06-16 14:00:05', 0, '2016-06-15 08:36:00', 0),
(574, 'd03279333f5874a36a7d0651802335b6', 22, 0, '2016-06-16 14:00:05', 0, '2016-06-15 08:41:44', 0),
(575, '9e1d39becaa790ae3909751d22549cf2', 22, 0, '2016-06-16 14:00:05', 0, '2016-06-15 08:44:12', 0),
(576, '95e593e9967b88f0c5ccb5c54583eb8e', 22, 0, '2016-06-16 14:00:05', 0, '2016-06-15 08:57:03', 0),
(577, 'cf89ec0a02c00eaade23af9755b9b9a3', 22, 0, '2016-06-16 14:00:05', 0, '2016-06-15 10:03:58', 0),
(578, '85d71f79aefcde073fcc779277987e21', 22, 0, '2016-06-16 14:00:05', 0, '2016-06-15 10:31:08', 0),
(579, 'ae1f9ee0d4840c744c525254b7994f94', 22, 0, '2016-06-16 14:00:05', 0, '2016-06-15 10:34:15', 0),
(580, '8050adaaacd5eb37b42498d6dd32691e', 21, 0, '2016-06-16 14:00:05', 0, '2016-06-15 10:34:36', 0),
(581, 'f09f717ae30bc58476a453ae2df0bcb3', 22, 0, '2016-06-16 14:00:05', 0, '2016-06-15 10:36:04', 0),
(582, 'ce00ac1f02036b752d5d257cda390af8', 22, 0, '2016-06-16 14:00:05', 0, '2016-06-15 10:38:31', 0),
(583, '88c1a5a4fcefae208a3cc2d789b5f7f7', 22, 0, '2016-06-16 14:00:05', 0, '2016-06-15 10:43:57', 0),
(584, '456cba00395606b775604487d4239d24', 22, 0, '2016-06-16 14:00:05', 0, '2016-06-15 10:47:02', 0),
(585, '9540ead3d64f166070bf2fbf98e6a0fa', 21, 0, '2016-06-16 14:00:05', 0, '2016-06-15 10:49:24', 0),
(586, 'efbb8f74d2907dcea0a2fb6b95b3a576', 22, 0, '2016-06-16 14:00:05', 0, '2016-06-15 10:49:27', 0),
(587, '523d567b7019571d7489a794d9249e6f', 22, 0, '2016-06-16 14:00:05', 0, '2016-06-15 10:52:59', 0),
(588, '1d6aa38c46097ba4bf34f85f57536c3d', 22, 0, '2016-06-16 14:00:05', 0, '2016-06-15 10:54:05', 0),
(589, 'c1eeef849b76fbcc839931850bb2cebf', 21, 0, '2016-06-16 14:00:05', 0, '2016-06-15 10:55:21', 0),
(590, '77545a0590fe62f938323f49823e77dd', 21, 0, '2016-06-16 14:00:05', 0, '2016-06-15 10:56:02', 0),
(591, '8c13c36282c111d346e9f0146a0d80e7', 22, 0, '2016-06-16 14:00:05', 0, '2016-06-15 13:45:59', 0),
(592, '3aa139920a93a8389903142f369023d7', 22, 0, '2016-06-16 14:00:05', 0, '2016-06-15 13:47:10', 0),
(593, '1d60c8a7e1b80f2ebf259a355ac61c18', 21, 0, '2016-06-16 14:00:05', 0, '2016-06-15 13:49:41', 0),
(594, 'fc0d44486ac78331856f170baad68a61', 21, 0, '2016-06-16 14:00:05', 0, '2016-06-15 13:52:16', 0),
(595, '8eb9d4140991c86f6d71711f773fd388', 22, 0, '2016-06-16 14:00:05', 0, '2016-06-15 14:30:50', 0),
(596, '56ce851d6b8b4afe3f90038598092f91', 22, 0, '2016-06-16 14:00:05', 0, '2016-06-15 14:43:51', 0),
(597, 'e3a00c8348cff3e1fee9f800b5418fc1', 22, 0, '2016-06-16 14:00:05', 0, '2016-06-15 15:21:47', 0),
(598, 'fd6c355a3424d9fd40e86218e6269b85', 22, 0, '2016-06-16 14:00:05', 0, '2016-06-15 15:23:33', 0),
(599, '1135c4f397ea60b2d683b172841bfcc4', 22, 0, '2016-06-16 14:00:05', 0, '2016-06-15 15:23:44', 0),
(600, 'e2c415f7c91036a8992c992f895162d5', 21, 0, '2016-06-16 14:00:05', 0, '2016-06-15 15:31:42', 0),
(601, '9ddbccbae168cdda7692c9e9a0b9b9c0', 21, 0, '2016-06-16 14:00:05', 0, '2016-06-15 15:35:30', 0),
(602, '50eef3c4b9a254cf1643655b69568c2f', 21, 0, '2016-06-16 14:00:05', 0, '2016-06-15 15:36:29', 0),
(603, 'e1f025db60a8c61bd9a4fbdb7191aca1', 21, 0, '2016-06-16 14:00:05', 0, '2016-06-15 15:37:24', 0),
(604, 'ed5eb79714965c10d57484b889c150f7', 21, 0, '2016-06-16 14:00:05', 0, '2016-06-15 15:42:17', 0),
(605, '76cdf368846c7b872260a2e5bc5831f9', 21, 0, '2016-06-16 14:00:05', 0, '2016-06-15 15:43:02', 0),
(606, 'b6de24b4191281cb8ebf479255256d59', 21, 0, '2016-06-16 14:00:05', 0, '2016-06-15 15:44:58', 0),
(607, '24dfc15b8f69f09b41c163a29ea80da0', 21, 0, '2016-06-16 14:00:05', 0, '2016-06-15 15:46:18', 0),
(608, 'aec0d7bf78707f0266ab44d0d4c92b36', 21, 0, '2016-06-16 14:00:05', 0, '2016-06-15 15:47:32', 0),
(609, '21c4757d2eb7a07c91121618ca38487c', 21, 0, '2016-06-16 14:00:05', 0, '2016-06-15 15:49:35', 0),
(610, 'f169852642b1e5c513814f80a2dfad73', 22, 0, '2016-06-16 14:00:05', 0, '2016-06-15 15:51:30', 0),
(611, '3c7479cc5665b2450df25e3c9e494f7d', 22, 0, '2016-06-16 14:00:05', 0, '2016-06-15 15:52:26', 0),
(612, '96e23892325ce0d2050a575bc96bd630', 21, 0, '2016-06-16 14:00:05', 0, '2016-06-15 15:54:06', 0),
(613, '0815826224911bc8e36798c62a07758b', 21, 0, '2016-06-16 14:00:05', 0, '2016-06-15 16:05:05', 0),
(614, '795fe452010a6d6bd9f7a0e057854fe1', 22, 0, '2016-06-16 14:00:05', 0, '2016-06-15 16:06:24', 0),
(615, 'e189dfc747568593aec34feb952e88a8', 21, 0, '2016-06-16 14:00:05', 0, '2016-06-15 16:09:12', 0),
(616, '8e3f58fc6fcda7d57aab36fc5272275f', 21, 0, '2016-06-16 14:00:05', 0, '2016-06-16 18:02:32', 0),
(617, 'f2675ba632576df2b433ac7b230362dd', 21, 0, '2016-06-16 14:00:05', 0, '2016-06-16 19:19:55', 0),
(618, 'd36b099006820e87e02c65a4b81a8375', 21, 0, '2016-06-16 14:00:05', 0, '2016-06-16 19:20:13', 0),
(619, '53f0163ef66a08f0350685e840c82ff7', 22, NULL, '2016-06-16 14:51:24', 0, '2016-06-16 20:51:24', 1),
(620, 'b8d1e1e745e4407b196bf39ebe12ce0d', 21, NULL, '2016-06-16 14:52:06', 0, '2016-06-16 20:52:06', 0),
(621, 'e94670c14bce4ea38a1d018bba19f0d0', 21, NULL, '2016-06-16 14:53:46', 0, '2016-06-16 20:53:46', 0),
(622, 'e6279e138913d8ed7ac417785a645016', 22, NULL, '2016-06-16 14:55:57', 0, '2016-06-16 20:55:57', 1),
(623, 'fb1267c2e03de144b649896c4f5c7345', 21, NULL, '2016-06-16 15:12:16', 0, '2016-06-16 21:12:16', 0),
(624, '00d4c3cd1f661c1ca19d09440a282b89', 21, NULL, '2016-06-16 15:17:33', 0, '2016-06-16 21:17:33', 0),
(625, 'f5c36d6c4b84b3a2cefab7e328db042e', 21, NULL, '2016-06-16 15:19:07', 0, '2016-06-16 21:19:07', 0),
(626, '587fc004a530428403f16447e2947fc5', 21, NULL, '2016-06-16 15:21:29', 0, '2016-06-16 21:21:29', 0),
(627, '68e2c08438368c8a63c977dfcdb52ea6', 21, NULL, '2016-06-16 15:21:47', 0, '2016-06-16 21:21:47', 0),
(628, 'd4a96572c02a073b67563bb60e70b190', 21, NULL, '2016-06-16 15:22:23', 0, '2016-06-16 21:22:23', 0),
(629, '1c921b86aeae4de0a5208549e5e92724', 21, NULL, '2016-06-16 15:28:27', 0, '2016-06-16 21:28:27', 0),
(630, 'db93e4f41ff46496730209091edd7ad3', 21, NULL, '2016-06-16 15:28:44', 0, '2016-06-16 21:28:44', 0),
(631, 'a778c06472fb4bbb0c6333fccbcbc288', 21, NULL, '2016-06-16 15:28:58', 0, '2016-06-16 21:28:58', 0),
(632, '569825f39c5a47fc0ba9ca04a6826553', 21, NULL, '2016-06-16 15:30:16', 0, '2016-06-16 21:30:16', 0),
(633, 'c85820e0aa55a3f5424f543701becd8d', 21, NULL, '2016-06-16 15:31:51', 0, '2016-06-16 21:31:51', 0),
(634, '4d5b50a4a6d6b14c804a13a738ed0c3f', 21, NULL, '2016-06-16 15:31:55', 0, '2016-06-16 21:31:55', 0),
(635, '9c9ebda9d0d62183b3e81723461fdee7', 21, NULL, '2016-06-16 15:33:18', 0, '2016-06-16 21:33:18', 0),
(636, '44db223bedfd8ded34cd83987235c942', 21, NULL, '2016-06-16 15:33:30', 0, '2016-06-16 21:33:30', 0),
(637, 'fc9b2f4cd325f111a977373d3c430f2a', 21, NULL, '2016-06-16 15:33:56', 0, '2016-06-16 21:33:56', 0),
(638, '410c6f9dcc12b69f045d94f8e92eadfc', 21, NULL, '2016-06-16 22:34:59', 0, '2016-06-16 15:23:32', 0),
(639, '67c1af72dc1e9aa27b66fa7c9754ca08', 21, NULL, '2016-06-17 06:20:10', 0, '2016-06-17 12:20:10', 0),
(640, 'c7c07c9a3d4e767638c3178ac4deb2bd', 21, NULL, '2016-06-17 06:20:56', 0, '2016-06-17 12:20:56', 0),
(641, '75eb8e7663823d38d36b560c2201baf3', 30, NULL, '2016-06-17 06:21:19', 0, '2016-06-17 12:21:19', 1),
(642, '90c759ef91b3cc5b61bddce356d62e0f', 21, NULL, '2016-06-17 06:22:54', 0, '2016-06-17 12:22:54', 0),
(643, 'a90331d8fb0fa9523a05ee75944232c1', 21, NULL, '2016-06-17 06:28:43', 0, '2016-06-17 12:28:43', 0),
(644, '747126803ff70a3d103c8cb92449a5e0', 21, NULL, '2016-06-17 11:33:28', 0, '2016-06-17 17:33:28', 0),
(645, '8c8c23a284db6738a29293a75538816a', 22, NULL, '2016-06-17 11:58:04', 0, '2016-06-17 17:58:04', 1),
(646, 'eb38cf32272165d0dd6b0197d089a16b', 21, NULL, '2016-06-17 12:09:33', 0, '2016-06-17 18:09:33', 0),
(647, 'b1d915f632c17cff4fc349137921216f', 21, NULL, '2016-06-17 12:11:00', 0, '2016-06-17 18:11:00', 0),
(648, '0b587d535e3b170bc5367596a1e13cf1', 21, NULL, '2016-06-17 12:17:27', 0, '2016-06-17 18:17:27', 0),
(649, '31a2a9c452f3bef0d18bea7f258cb4ba', 22, NULL, '2016-06-17 12:24:28', 0, '2016-06-17 18:24:28', 1),
(650, 'aca698b71ea9b69a496df67d08cb65f4', 21, NULL, '2016-06-17 12:24:34', 0, '2016-06-17 18:24:34', 0),
(651, 'd4054c645b7e9d5f7f8f228be4a6c97c', 22, NULL, '2016-06-17 12:27:41', 0, '2016-06-17 18:27:41', 1),
(652, 'e20c0bc04314406e807362a08a470a34', 21, NULL, '2016-06-17 12:28:00', 0, '2016-06-17 18:28:00', 0),
(653, 'b903c28570eff93abedf8c3d43d359b0', 21, NULL, '2016-06-17 12:39:07', 0, '2016-06-17 18:39:07', 0),
(654, '90d58f1cd213e2219352d950bea7345d', 21, NULL, '2016-06-17 12:46:48', 0, '2016-06-17 18:46:48', 0),
(655, '936c44f7d77977eabdc4316cc0d137ae', 21, NULL, '2016-06-17 12:46:51', 0, '2016-06-17 18:46:51', 0),
(656, 'b168cb5826305106b2b04f128a5b0498', 21, NULL, '2016-06-17 12:47:02', 0, '2016-06-17 18:47:02', 0),
(657, '8ef6f1331818d50b24b168f0087ea2ce', 21, NULL, '2016-06-17 12:49:10', 0, '2016-06-17 18:49:10', 0),
(658, 'b98132357e720feffff1223f34284a7e', 21, NULL, '2016-06-17 12:52:50', 0, '2016-06-17 18:52:50', 0),
(659, '0f00a214039a04bec1c16ba582689c78', 21, NULL, '2016-06-17 12:54:08', 0, '2016-06-17 18:54:08', 0),
(660, '2d70697c05af5cf2f085277556457c31', 21, NULL, '2016-06-17 12:56:19', 0, '2016-06-17 18:56:19', 0),
(661, '669e3d6e5ba111b646b88e27d01cbadd', 21, NULL, '2016-06-17 12:57:09', 0, '2016-06-17 18:57:09', 0),
(662, 'c9605d3d2f9ae70fed439395ed5d5da9', 21, NULL, '2016-06-17 12:59:48', 0, '2016-06-17 18:59:48', 0),
(663, 'fe0ef3fabf6cd58ca4b467f58645b438', 21, NULL, '2016-06-17 13:00:37', 0, '2016-06-17 19:00:37', 0),
(664, '1eeec7cf3660eabf99944ba797850034', 21, NULL, '2016-06-17 13:01:48', 0, '2016-06-17 19:01:48', 0),
(665, 'f1f4df9bae03d547fb3979e49c820b8e', 21, NULL, '2016-06-17 13:05:52', 0, '2016-06-17 19:05:52', 0),
(666, '3c638625db352b6a238d0d5d7a0cd245', 21, NULL, '2016-06-17 13:11:15', 0, '2016-06-17 19:11:15', 0),
(667, '8e5bb53ec44b4464e589890df862372a', 21, NULL, '2016-06-17 13:13:59', 0, '2016-06-17 19:13:59', 0),
(668, '30209d9ecf6664b1765f1c93ebf8b4fa', 21, NULL, '2016-06-17 13:14:49', 0, '2016-06-17 19:14:49', 0),
(669, '03bd2feee97e65a6f660d1cd10f1c8f6', 21, NULL, '2016-06-17 13:16:23', 0, '2016-06-17 19:16:23', 0),
(670, 'fd5e451ca22a3361350695f2623f818f', 21, NULL, '2016-06-17 13:20:17', 0, '2016-06-17 19:20:17', 0),
(671, '578345ec859f3229cf9586a862e8748c', 21, NULL, '2016-06-17 13:21:17', 0, '2016-06-17 19:21:17', 0),
(672, '742c92c1e2d87031a761643b01fe35c0', 21, NULL, '2016-06-17 13:26:13', 0, '2016-06-17 12:26:13', 0),
(673, '4adbeb12bddf4c26d8f71a5af7757d8c', 21, NULL, '2016-06-17 13:31:48', 0, '2016-06-17 19:31:48', 0),
(674, '2adcd0f382d0c9c9c6438d1204d25d31', 30, NULL, '2016-06-17 14:32:24', 0, '2016-06-17 20:32:24', 1),
(675, '07073ae72f3ccb371e9030aa98562688', 30, NULL, '2016-06-17 14:59:54', 0, '2016-06-17 20:59:54', 1),
(676, '3ccabb931ea34fe13da71db22a03fabd', 30, NULL, '2016-06-17 15:08:20', 0, '2016-06-17 21:08:20', 1),
(677, '5109dfbb0257f9c5677358affee9de30', 31, NULL, '2016-06-17 17:38:15', 0, '2016-06-17 23:38:15', 1),
(678, 'd5da9dac50aed7bc0361f1dd965f89c2', 30, NULL, '2016-06-18 02:14:21', 0, '2016-06-18 08:14:21', 1),
(679, '57ee1e1dafda614919534f17d4644e21', 30, NULL, '2016-06-18 02:25:13', 0, '2016-06-18 08:25:13', 1),
(680, '0fed9a957254ac9f70ee1493331164b2', 30, NULL, '2016-06-18 02:35:55', 0, '2016-06-18 08:35:55', 1),
(681, 'ef1e5334c2c54ff8ee5e6b610338e743', 30, NULL, '2016-06-18 02:58:10', 0, '2016-06-18 08:58:10', 1),
(682, '4ba13a6f6f208d715a8635d02d3ec597', 30, NULL, '2016-06-18 03:01:16', 0, '2016-06-18 09:01:16', 1),
(683, '02149de3f1701ab213dedde145c4b01d', 30, NULL, '2016-06-18 03:01:46', 0, '2016-06-18 09:01:46', 1),
(684, '1e15129f12cc73d5aae1193a657e73c2', 30, NULL, '2016-06-18 03:25:09', 0, '2016-06-18 09:25:09', 1),
(685, 'da26aadcfffcedeb9b3150dab3bd6ac3', 31, NULL, '2016-06-18 07:18:38', 0, '2016-06-18 13:18:38', 1),
(686, 'cab93ddcb87673452624d1a5bbeb0a9d', 30, NULL, '2016-06-18 11:03:00', 0, '2016-06-18 17:03:00', 1),
(687, 'fd58e3a669d0c972e493b12b1dbc5b4f', 31, NULL, '2016-06-19 02:02:30', 0, '2016-06-19 08:02:30', 1),
(688, '7a78c09786b8729e74c087888ee68db0', 21, NULL, '2016-06-19 06:46:35', 0, '2016-06-19 12:46:35', 0),
(689, 'c61cea845802418003615e57af2e8a3a', 21, NULL, '2016-06-19 07:04:14', 0, '2016-06-19 13:04:14', 0),
(690, '4c5f9b5d36b89bfddbf8371d4c5d60dc', 21, NULL, '2016-06-19 07:07:01', 0, '2016-06-19 13:07:01', 0),
(691, '399047c7369cb0441a5275036a654e86', 21, NULL, '2016-06-19 07:14:04', 0, '2016-06-19 13:14:04', 0),
(692, '6ac04a3d65702d459766b768b22fc40d', 21, NULL, '2016-06-19 07:15:47', 0, '2016-06-19 13:15:47', 0),
(693, 'asdasdasdasdasdas', 34, NULL, '2016-06-19 08:15:34', 0, '2016-06-19 14:15:34', 1),
(694, 'asdasdasdasdasdas', 34, NULL, '2016-06-19 08:16:47', 0, '2016-06-19 14:16:47', 1),
(695, 'asdasdasdasdasdas', 34, NULL, '2016-06-19 08:16:51', 0, '2016-06-19 14:16:51', 1),
(696, 'qwertsasuke', 35, NULL, '2016-06-19 08:20:14', 0, '2016-06-19 14:20:14', 1),
(697, 'qwertsasuke', 35, NULL, '2016-06-19 08:20:59', 0, '2016-06-19 14:20:59', 1),
(698, 'qwertsasuke', 35, NULL, '2016-06-19 08:21:08', 0, '2016-06-19 14:21:08', 1),
(699, 'qwertsasuke', 35, NULL, '2016-06-19 08:21:19', 0, '2016-06-19 14:21:19', 1),
(700, 'dasdasdsadas', 35, NULL, '2016-06-19 08:22:06', 0, '2016-06-19 14:22:06', 1),
(701, 'dsdsdsd', 35, NULL, '2016-06-19 08:23:07', 0, '2016-06-19 14:23:07', 1),
(702, 'dsdsdsd', 35, NULL, '2016-06-19 08:32:11', 0, '2016-06-19 14:32:11', 1),
(703, 'daac3237e6eb3e0494d0ca660974def0', 21, NULL, '2016-06-19 08:37:59', 0, '2016-06-19 14:37:59', 0),
(704, '51e0f185018766630e8b46ccea037c2f', 21, NULL, '2016-06-19 08:38:42', 0, '2016-06-19 14:38:42', 0),
(705, 'hgjghjunyu', 36, NULL, '2016-06-19 08:42:36', 0, '2016-06-19 14:42:36', 1),
(706, 'hgjghjunyu', 36, NULL, '2016-06-19 08:43:26', 0, '2016-06-19 14:43:26', 1),
(707, 'hgjghjunyu', 36, NULL, '2016-06-19 08:55:37', 0, '2016-06-19 14:55:37', 1),
(708, 'adsdasd', 36, NULL, '2016-06-19 08:57:49', 0, '2016-06-19 14:57:49', 1),
(709, 'adsdasd', 36, NULL, '2016-06-19 09:01:20', 0, '2016-06-19 15:01:20', 1),
(710, '264dd555f6e21efaf58d1206726f4dbc', 21, NULL, '2016-06-19 09:13:07', 0, '2016-06-19 15:13:07', 0),
(711, 'adsdasd', 36, NULL, '2016-06-19 09:37:02', 0, '2016-06-19 15:37:02', 1),
(712, 'adsdasd', 36, NULL, '2016-06-19 09:37:06', 0, '2016-06-19 15:37:06', 1),
(714, '602e79102c83239913b2109388794068', 21, NULL, '2016-06-19 10:23:39', 0, '2016-06-19 16:23:39', 0),
(718, 'gfhfgadfgdfg', 41, NULL, '2016-06-19 11:07:12', 0, '2016-06-19 17:07:12', 0),
(719, 'aaaaaaaaaaaaaaaaaaaaaaaaaaaaaaaaaaaaaaaaaaaaaaaaaaaaaaaaaaaaaaaaaaaaaaaaaaaaaaaaaaaaaaaaaaaaaaaaaaaaaaaaaaaaaaaaaaaaaaaaaaaaaaaaaaaaaaaaaaaaaaaaaaaaaaaaaaaaaaaaaaaaaaaaaaaaaaaaaaaa', 41, NULL, '2016-06-19 11:40:32', 0, '2016-06-19 17:40:32', 0),
(720, 'waaaaaaaaaaaaaaaaaaaaaaaaaaaaaaaaaaaaaaaaaaaaaaaaaaaaaaaaaaaaaaaaaaaaaaaaaaaaaaaaaaaaaaaaaaaaaaaaaaaaaaaaaaaaaaaaaaaaaaaaaaaaaaaaaaaaaaaaaaaaaaaaaaaaaaaaaaaaaaaaaaaaaaaaaaaaaaaaaaaa', 41, NULL, '2016-06-19 11:41:17', 0, '2016-06-19 17:41:17', 0),
(721, 'EAACMQfHZAe6UBAFZAiA1tFJay7FzGDow8vKDfIK0InpZB907FKNzc0xDWHh6gR7kAnmlNd5Y35u0RVD6OyIQlfM6YDE1S2Y8dNj44QNSgPG83J0jRu09RomzIQp5ZCDn9J7ytjNtSzKEeG6bx1BSOSPbOqcptzIZD', 41, NULL, '2016-06-19 11:41:46', 0, '2016-06-19 17:41:46', 0),
(722, 'sdasdsa', 41, NULL, '2016-06-19 11:43:28', 0, '2016-06-19 17:43:28', 0),
(723, 'EAACMQfHZAe6UBAMLLOFZCL2YoZCKq2vIC9jMI2QHeBA9BPfOusoO8n2BAK6TRRUOzTEZCisKeloj18sMQj0aFqQgET1QkxCFcYHoSfc26ZBUe3LZAT6IXSCruDUT0gu8ZC4gOThnH3GSpevIddRyWamk0m0n8vP0k8ZD', 41, NULL, '2016-06-19 11:49:53', 0, '2016-06-19 17:49:53', 0),
(724, 'EAACMQfHZAe6UBAEJzcIz19GQyEt8ZAUC8LEMqJ8wO4cBfZANB9NXfcX8EK628LxZCTLXG3hJHL45QxSyBZAGAMgcRpdkctIcsGu7DkuLnKl2uxhy49pm4HuYurq3ejtmiEIPhDCvmprr1xH8Th6lD9gCIwJSUlH4ZD', 41, NULL, '2016-06-19 12:00:29', 0, '2016-06-19 18:00:29', 0),
(725, 'salkjafkasldahsdjh', 42, NULL, '2016-06-19 12:07:53', 0, '2016-06-19 18:07:53', 1),
(726, '82335a3b7be927a4c53cbdda9f03dcd8', 21, NULL, '2016-06-19 12:12:33', 0, '2016-06-19 18:12:33', 0),
(727, 'ya29.Ci8GA4PZgH-R1opYhHL7gYFb2geJSS27FectMF9nJdvOIO-Erma122r15QE8UU_7Tg', 43, NULL, '2016-06-19 12:15:01', 0, '2016-06-19 18:15:01', 1),
(728, 'ya29.Ci8GA4ji38BkUDGelS1KgmnopggnJB0lSRAZ34EWB69vQF-L_aQzGOFqSGYq8JINQw', 43, NULL, '2016-06-19 12:22:57', 0, '2016-06-19 18:22:57', 1),
(729, 'ya29.Ci8GA3UQCIDlG1iJ8fQUZFSVo-7b9-B9gIHq87RG_kqoeUXsHja1Ew0wk5ynxvHkMQ', 44, NULL, '2016-06-19 12:31:37', 0, '2016-06-19 18:31:37', 1),
(730, 'ya29.Ci8GA_DNGSF4p_aR6VPQdWovnXD1Dk8b4zdSJVSCFrPHSr4KM8exOYcZnf1898oyMg', 45, NULL, '2016-06-19 12:38:18', 0, '2016-06-19 18:38:18', 1),
(731, '513dd3a0869777b278c2a6cb2d629db2', 21, NULL, '2016-06-19 12:42:57', 0, '2016-06-19 18:42:57', 1),
(732, '3c835fcc1f9deb52340682bb8741f7c1', 21, NULL, '2016-06-19 12:44:35', 0, '2016-06-19 18:44:35', 1),
(733, 'e0d89c779cddb69164fd122d7aebe449', 21, NULL, '2016-06-19 12:44:58', 0, '2016-06-19 18:44:58', 1),
(734, 'gfghgsdfgdfg', 42, NULL, '2016-06-19 12:56:14', 0, '2016-06-19 18:56:14', 1),
(735, 'EAACMQfHZAe6UBAF4o6TYguOuSjZAt0UNZAcy4U4tZCJPWaJ04KMQw15EIhIl5v1r9lssFKvKuwZABwR7uPJIXc7QPWGM9kKDBeFosf9nk8MQCYW8ZB3yZA7mvJLZARZA1adUuYOF2mf0jO6QvkWDJGWavZAEjqwsypiCcZD', 41, NULL, '2016-06-19 13:04:21', 0, '2016-06-19 19:04:21', 0),
(736, 'EAACMQfHZAe6UBACL4MfUurUe9tmbp1kRxX6lBKVqgyS734gVkgZA5m5ViwRcFpBZAerMUCstG8qKtJxYnEiXB4eSiik0HqLyA30fLQZCGRtjw6lBz3DDBozy3klTnRkoxL4BMxnp5N4AAW1cIx8SXLsIbBsQuT0ZD', 41, NULL, '2016-06-19 13:07:10', 0, '2016-06-19 19:07:10', 0),
(737, 'eea20f5477b2a4e42e14fcd7ff4df86a', 22, NULL, '2016-06-19 13:18:52', 0, '2016-06-19 19:18:52', 1),
(738, '43320eba3ee9590f0a6c496b222aed46', 22, NULL, '2016-06-19 13:44:32', 0, '2016-06-19 19:44:32', 1),
(739, 'ec029c6545871237c064b9d0fad53375', 22, NULL, '2016-06-19 13:54:31', 0, '2016-06-19 19:54:31', 1),
(740, '01ac10db8cd789f7e5efbeca5d279efc', 22, NULL, '2016-06-19 14:04:51', 0, '2016-06-19 20:04:51', 1),
(741, '5dda20b146addcbbd0446372c5a77e4d', 22, NULL, '2016-06-19 14:06:13', 0, '2016-06-19 20:06:13', 1),
(742, '362ee7166652c222d6b88d8aa952aea5', 22, NULL, '2016-06-19 14:09:21', 0, '2016-06-19 20:09:21', 1),
(743, 'f67ac5b73d46215727c58208aedc295b', 22, NULL, '2016-06-19 14:29:14', 0, '2016-06-19 20:29:14', 1),
(744, '8cffc4a48f721625c17b0804960aff70', 21, NULL, '2016-06-19 14:34:14', 0, '2016-06-19 20:34:14', 1),
(745, '03780c984ca3ef16eeaae76705418795', 22, NULL, '2016-06-19 14:37:25', 0, '2016-06-19 20:37:25', 1),
(746, '85d5369401bbe63ccf23237f85694223', 22, NULL, '2016-06-19 23:28:12', 0, '2016-06-20 05:28:12', 1),
(747, '275259bf7323a8859cc6f77a87d0c8d9', 22, NULL, '2016-06-19 23:43:45', 0, '2016-06-20 05:43:45', 1),
(748, '71572ff913ec0c735e529dd664e0d25d', 22, NULL, '2016-06-19 23:53:23', 0, '2016-06-20 05:53:23', 1),
(749, 'e3f5cb68ef7a6d46eb29cdee30bbd243', 22, NULL, '2016-06-19 23:58:57', 0, '2016-06-20 05:58:57', 1),
(750, '1bd3b636af4bf8a0c37daf26e0f57caf', 22, NULL, '2016-06-20 00:00:33', 0, '2016-06-20 06:00:33', 1),
(751, '1b78c054fd575c4f6ba180624a6d9e7d', 22, NULL, '2016-06-20 00:01:56', 0, '2016-06-20 06:01:56', 1),
(752, '55cadc162ec71970b5d2f2be02ec7d00', 22, NULL, '2016-06-20 00:03:40', 0, '2016-06-20 06:03:40', 1),
(753, 'a14c20f01591c399963fd54167b9e189', 22, NULL, '2016-06-20 00:06:34', 0, '2016-06-20 06:06:34', 1),
(754, '5baca999823d293b86d6a7a343bb0376', 22, NULL, '2016-06-20 00:07:34', 0, '2016-06-20 06:07:34', 1),
(755, 'd3a78b83f7c00684ce3001154c4309a8', 22, NULL, '2016-06-20 00:10:05', 0, '2016-06-20 06:10:05', 1),
(756, 'db3a8852f1f73b511d107dedaf84f6b6', 22, NULL, '2016-06-20 00:12:24', 0, '2016-06-20 06:12:24', 1),
(757, '8ea08c9ea413efa121e225fcbae5a1de', 22, NULL, '2016-06-20 00:13:25', 0, '2016-06-20 06:13:25', 1),
(758, '6415b0faca19b30073b4ff5dfb731273', 22, NULL, '2016-06-20 00:14:16', 0, '2016-06-20 06:14:16', 1),
(759, '73c7ec3cb004f3c1d051e0d6a9956186', 22, NULL, '2016-06-20 00:15:19', 0, '2016-06-20 06:15:19', 1),
(760, 'af12e5347d63cce4ed6e6efc63b48a4d', 22, NULL, '2016-06-20 00:16:18', 0, '2016-06-20 06:16:18', 1),
(761, '35a20df4af2ec107ff90a09ae7a05c90', 22, NULL, '2016-06-20 00:19:21', 0, '2016-06-20 06:19:21', 1),
(762, '8b6d05c2f182ff53c3e3676fd673d8bb', 22, NULL, '2016-06-20 00:20:15', 0, '2016-06-20 06:20:15', 1),
(763, '02228ff7e4a4e3e628c24f21a50a5a70', 22, NULL, '2016-06-20 02:25:50', 0, '2016-06-20 08:25:50', 1),
(764, 'add8bcc798bd4ef3a41e3857568d33c7', 48, NULL, '2016-06-20 02:34:23', 0, '2016-06-20 08:34:23', 1),
(765, '5e9d2f7fa60cb8f1a8b875f2a020d382', 22, NULL, '2016-06-20 02:36:34', 0, '2016-06-20 08:36:34', 1),
(766, '6ff8a9dd03a06d1ced87357baf86f65c', 22, NULL, '2016-06-20 02:42:18', 0, '2016-06-20 08:42:18', 1),
(767, 'EAACMQfHZAe6UBACkUqjVx3TcJWRVIs70AJi6HQKkOCqxtvovugMrzYfaiohiIHEqmDtDpnPkVRbZCuTK6myZCbcuMaJy1VNRXf2OyxhpgfVdGgG6rVDg9uZBshqFer8zw7cOKdZCgHGuKhfjgwIMxYWuYRPxLZBAgZD', 41, NULL, '2016-06-20 02:48:25', 0, '2016-06-20 08:48:25', 0),
(768, 'EAACMQfHZAe6UBAP0gcQvpZBzI8TlRL3AlB0ZCUr2xoZAB6DrnSPAHxqaQzWlG2QxB2pcrImVfwujZB0LKJAgohbHfHnyaKTOz9OAZCgCLwa6ZCLWtULVQG1CQcyZBp1P3gvGzZCHDC7EPnH6W4bGRml2DPZBOWxgMlfXwZD', 41, NULL, '2016-06-20 02:50:07', 0, '2016-06-20 08:50:07', 0),
(769, 'EAACMQfHZAe6UBALvZC4ZCA7M8VYcpY3qpZCZBasml6q41JklpGVupcGuuy6O3YzrhFu98tsAr4F8yvWbZA2tzoRll491P3dBl0ZADDGGi6G8hVav2PiRWeMCWFSo8JSSUQLKMSomdkkyVU1aNCfvBI2YN6UZAfQUp3QZD', 41, NULL, '2016-06-20 02:55:34', 0, '2016-06-20 08:55:34', 0),
(770, 'db64642c84ca79a8408cd58ece09775a', 25, NULL, '2016-06-20 02:59:32', 0, '2016-06-20 08:59:32', 0),
(771, '5a60e44b621196a30c836a0417671f04', 58, NULL, '2016-06-20 03:01:04', 0, '2016-06-20 09:01:04', 1),
(772, 'd4ba48a7bc3095cdc48f7c6dd919f6c5', 26, NULL, '2016-06-20 03:02:14', 0, '2016-06-20 09:02:14', 0),
(773, 'EAACMQfHZAe6UBANwHSmhgu5HcEsFoD2puRG4kKbUHI0LUw5Hk41wvkz7Ew4t1lPC5jYxtFgnxGQ1JjkRZCmZBExCxQ536OpcZBW5kiL3Hk2EXZCIq5U2xdXEkGJO7i2K1RIgMuY7POsF7fcDm42V4XREqgv5KnC8ZD', 41, NULL, '2016-06-20 03:10:14', 0, '2016-06-20 09:10:14', 0),
(774, '2150c287504e3c7c9cd48fef3bc7a651', 54, NULL, '2016-06-20 03:13:16', 0, '2016-06-20 09:13:16', 0),
(775, 'EAACMQfHZAe6UBAJ9MOtnqzVgzGtsIqrUkMt6doZCED8qHhbKXdmUU9REdi60rRiWTZAyOTMmkYF3fZCR3R05VQLpypZCD23b35ZCYSVdtuTaUXM0IW7ZAeO8ji6tuHZAkruhyZBcmGwwRHjhQv3LV3IbkrpfzgMg07CQZD', 41, NULL, '2016-06-20 03:16:03', 0, '2016-06-20 09:16:03', 0),
(776, 'd2814612cafd873fb41c972bb9867d7b', 62, NULL, '2016-06-20 03:16:56', 0, '2016-06-20 09:16:56', 1),
(777, 'fgvhjnmkklm', 41, NULL, '2016-06-20 03:18:05', 0, '2016-06-20 09:18:05', 0),
(778, 'EAACMQfHZAe6UBAF7lbTQ3PEZC9APjZAmspYZAJZCZApZAyEVyR0VCELZCRFd4kp51pN0VBoxvx6plaFPluHIeoZCZBdDzpz4EFmE0oroTPowh3rxnBHa8xwZAlYAPcfq7mYe8D2w53R9m7AMqW45TIqcRMWyIOAFBtlxV8ZD', 41, NULL, '2016-06-20 03:23:02', 0, '2016-06-20 09:23:02', 0),
(779, '40d9d963b094e0a54bf9c21643077457', 58, NULL, '2016-06-20 04:10:21', 0, '2016-06-20 10:10:21', 1),
(780, 'bae6ac1528a69f85ae5c74e08dd81d20', 58, NULL, '2016-06-20 07:47:49', 0, '2016-06-20 13:47:49', 1),
(781, 'bfd5093174cb0ed47d38f6f896b55d5d', 25, NULL, '2016-06-20 07:47:51', 0, '2016-06-20 13:47:51', 1),
(782, '19bd450f29067991449971f0e1179222', 26, NULL, '2016-06-20 07:47:53', 0, '2016-06-20 13:47:53', 1),
(783, 'eeeeekajhdsajkdsaaasdasdsadsadsadsad', 41, NULL, '2016-06-20 08:01:49', 0, '2016-06-20 14:01:49', 0),
(784, 'LAACMQfHZAe6UBAF7lbTQ3PEZC9APjZAmspYZAJZCZApZAyEVyR0VCELZCRFd4kp51pN0VBoxvx6plaFPluHIeoZCZBdDzpz4EFmE0oroTPowh3rxnBHa8xwZAlYAPcfq7mYe8D2w53R9m7AMqW45TIqcRMWyIOAFBtlxV8ZD', 41, NULL, '2016-06-20 08:14:12', 0, '2016-06-20 14:14:12', 0),
(785, 'LAACMQfHZAe6UBAF7lbTQ3PEZC9APjZAmspYZAJZCZApZAyEVyR0VCELZCRFd4kp51pN0VBoxvx6plaFPluHIeoZCZBdDzpz4EFmE0oroTPowh3rxnBHa8xwZAlYAPcfq7mYe8D2w53R9m7AMqW45TIqcRMWyIOAFBtlxV8ZD', 41, NULL, '2016-06-20 08:14:54', 0, '2016-06-20 14:14:54', 0),
(786, '', 41, NULL, '2016-06-20 08:15:13', 0, '2016-06-20 14:15:13', 0),
(787, 'asas', 41, NULL, '2016-06-20 08:15:30', 0, '2016-06-20 14:15:30', 0),
(788, 'LAACMQfHZAe6UBAF7lbTQ3PEZC9APjZAmspYZAJZCZApZAyEVyR0VCELZCRFd4kp51pN0VBoxvx6plaFPluHIeoZCZBdDzpz4EFmE0oroTPowh3rxnBHa8xwZAlYAPcfq7mYe8D2w53R9m7AMqW45TIqcRMWyIOAFBtlxV8ZD', 41, NULL, '2016-06-20 08:16:55', 0, '2016-06-20 14:16:55', 0),
(789, 'dcf247f8a1d5a9daa8805e9fe410b665', 58, NULL, '2016-06-20 08:17:36', 0, '2016-06-20 14:17:36', 1),
(790, 'LAACMQfHZAe6UBAF7lbTQ3PEZC9APjZAmspYZAJZCZApZAyEVyR0VCELZCRFd4kp51pN0VBoxvx6plaFPluHIeoZCZBdDzpz4EFmE0oroTPowh3rxnBHa8xwZAlYAPcfq7mYe8D2w53R9m7AMqW45TIqcRMWyIOAFBtlxV8ZD', 41, NULL, '2016-06-20 08:18:28', 0, '2016-06-20 14:18:28', 0),
(791, 'asa', 41, NULL, '2016-06-20 08:19:48', 0, '2016-06-20 14:19:48', 0),
(792, 'LAACMQfHZAe6UBAF7lbTQ3PEZC9APjZAmspYZAJZCZApZAyEVyR0VCELZCRFd4kp51pN0VBoxvx6plaFPluHIeoZCZBdDzpz4EFmE0oroTPowh3rxnBHa8xwZAlYAPcfq7mYe8D2w53R9m7AMqW45TIqcRMWyIOAFBtlxV8ZD', 41, NULL, '2016-06-20 08:20:28', 0, '2016-06-20 14:20:28', 0),
(793, 'LAACMQfHZAe6UBAF7lbTQ3PEZC9APjZAmspYZAJZCZApZAyEVyR0VCELZCRFd4kp51pN0VBoxvx6plaFPluHIeoZCZBdDzpz4EFmE0oroTPowh3rxnBHa8xwZAlYAPcfq7mYe8D2w53R9m7AMqW45TIqcRMWyIOAFBtlxV8ZD', 41, NULL, '2016-06-20 08:24:19', 0, '2016-06-20 14:24:19', 0),
(794, 'LAACMQfHZAe6UBAF7lbTQ3PEZC9APjZAmspYZAJZCZApZAyEVyR0VCELZCRFd4kp51pN0VBoxvx6plaFPluHIeoZCZBdDzpz4EFmE0oroTPowh3rxnBHa8xwZAlYAPcfq7mYe8D2w53R9m7AMqW45TIqcRMWyIOAFBtlxV8ZD', 41, NULL, '2016-06-20 08:25:25', 0, '2016-06-20 14:25:25', 0),
(795, 'LAACMQfHZAe6UBAF7lbTQ3PEZC9APjZAmspYZAJZCZApZAyEVyR0VCELZCRFd4kp51pN0VBoxvx6plaFPluHIeoZCZBdDzpz4EFmE0oroTPowh3rxnBHa8xwZAlYAPcfq7mYe8D2w53R9m7AMqW45TIqcRMWyIOAFBtlxV8ZD', 41, NULL, '2016-06-20 08:32:55', 0, '2016-06-20 14:32:55', 0),
(796, 'EAACMQfHZAe6UBAOKSO1xcSAI0U0x68O7kGalKn8VE78iwo90m0kvi8ABoUbNesmrlk4cz9u0hhO99e6RIpjJggIeCZCuY8pGWUdjM7XQ8NG7XKzoyNfOrRZA5yvUxLDZAj5L0OaOhrTuIBL28tG0E73gKPF7828ZD', 41, NULL, '2016-06-20 08:38:19', 0, '2016-06-20 14:38:19', 0),
(797, 'ya29.Ci8HA4_2353OL64hWl7SRBIFN5uT7uaOFj8mIw0vu42QAsqSXdgz1RtREuRA3ND9Wg', 63, NULL, '2016-06-20 08:41:18', 0, '2016-06-20 14:41:18', 1),
(798, 'LAACMQfHZAe6UBAF7lbTQ3PEZC9APjZAmspYZAJZCZApZAyEVyR0VCELZCRFd4kp51pN0VBoxvx6plaFPluHIeoZCZBdDzpz4EFmE0oroTPowh3rxnBHa8xwZAlYAPcfq7mYe8D2w53R9m7AMqW45TIqcRMWyIOAFBtlxV8ZD', 64, NULL, '2016-06-20 09:18:52', 0, '2016-06-20 15:18:52', 1),
(799, 'LAACMQfHZAe6UBAF7lbTQ3PEZC9APjZAmspYZAJZCZApZAyEVyR0VCELZCRFd4kp51pN0VBoxvx6plaFPluHIeoZCZBdDzpz4EFmE0oroTPowh3rxnBHa8xwZAlYAPcfq7mYe8D2w53R9m7AMqW45TIqcRMWyIOAFBtlxV8ZD', 64, NULL, '2016-06-20 09:19:48', 0, '2016-06-20 15:19:48', 1),
(800, 'sAACMQfHZAe6UBAF7lbTQ3PEZC9APjZAmspYZAJZCZApZAyEVyR0VCELZCRFd4kp51pN0VBoxvx6plaFPluHIeoZCZBdDzpz4EFmE0oroTPowh3rxnBHa8xwZAlYAPcfq7mYe8D2w53R9m7AMqW45TIqcRMWyIOAFBtlxV8ZD', 64, NULL, '2016-06-20 09:20:10', 0, '2016-06-20 15:20:10', 1),
(801, 'xAACMQfHZAe6UBAF7lbTQ3PEZC9APjZAmspYZAJZCZApZAyEVyR0VCELZCRFd4kp51pN0VBoxvx6plaFPluHIeoZCZBdDzpz4EFmE0oroTPowh3rxnBHa8xwZAlYAPcfq7mYe8D2w53R9m7AMqW45TIqcRMWyIOAFBtlxV8ZD', 64, NULL, '2016-06-20 09:20:23', 0, '2016-06-20 15:20:23', 1),
(802, 'EAACMQfHZAe6UBACS5cfhGfb8U9xeqPgYXESZC1ludzWCOsAe2jJRkJ4ocqyX0kR0uCstQiTwFgG6QMCDL7HtsO7Oip8E4bdLLlb61DkJgmZAlUQkj59lZBCyQHjo6Hn8EiFhunsVeLLevIfsT8vjFJ19EyaV404ZD', 41, NULL, '2016-06-20 09:32:04', 0, '2016-06-20 15:32:04', 0),
(803, 'EAACMQfHZAe6UBABoMFLrFVykxy90nO6SnL7ZAwBpwvb7BimmZAiWpbaTgfevEZAVZCaiTiPvLsSjgXH88VE7JfxTxgZB2SDVleB5RNi82jFtKZAlWSbS9PKoHnlnWZC6yLv8gju2HQHvV4IaUW0Ll1zh7lPEC2CDDUcZD', 41, NULL, '2016-06-20 09:32:34', 0, '2016-06-20 15:32:34', 0),
(804, 'd5264f2fa0626e1444f8fffcf80a7eb1', 22, NULL, '2016-06-20 09:50:50', 0, '2016-06-20 15:50:50', 1),
(805, 'ya29.Ci8HA5NEaDb8nxncRLe6H8Q8duASPrvwEtvGzo0yS7ErnwzPukMQjfSWDDM00T0SIg', 65, NULL, '2016-06-20 10:04:45', 0, '2016-06-20 16:04:45', 1),
(806, 'ya29.Ci8HAwQ_AZaxqgIUJb_Bd5eXTlI2hi9-YK1RKNLhZyLhQXV_cYo5BVl9l_onLTQ11w', 66, NULL, '2016-06-20 10:34:18', 0, '2016-06-20 16:34:18', 1);

-- --------------------------------------------------------

--
-- Table structure for table `qtr_because`
--

CREATE TABLE `qtr_because` (
  `id` int(11) NOT NULL,
  `description` varchar(100) NOT NULL
) ENGINE=InnoDB DEFAULT CHARSET=latin1;

--
-- Dumping data for table `qtr_because`
--

INSERT INTO `qtr_because` (`id`, `description`) VALUES
(1, 'the work is required and I want to select a company'),
(2, 'the work is required - insurance work'),
(3, 'the work is required but may be dependent on the quotes'),
(4, 'the work is not required,  I just need an idea of price'),
(5, 'I require someone for subcontracting work');

-- --------------------------------------------------------

--
-- Table structure for table `qtr_jobs`
--

CREATE TABLE `qtr_jobs` (
  `id` int(11) NOT NULL,
  `jobtypeid` int(11) NOT NULL,
  `memberid` int(11) NOT NULL,
  `supplierid` int(11) NOT NULL DEFAULT '1',
  `jobname` varchar(60) NOT NULL,
  `timestamp` timestamp NOT NULL DEFAULT CURRENT_TIMESTAMP,
  `description` text NOT NULL,
  `labourtypeid` int(11) NOT NULL,
  `lat` float NOT NULL,
  `lng` float NOT NULL,
  `because` int(11) NOT NULL,
  `size` int(11) NOT NULL,
  `start` int(11) NOT NULL,
  `timer` timestamp NOT NULL DEFAULT '0000-00-00 00:00:00',
  `flag` int(11) NOT NULL DEFAULT '0'
) ENGINE=InnoDB DEFAULT CHARSET=latin1;

--
-- Dumping data for table `qtr_jobs`
--

INSERT INTO `qtr_jobs` (`id`, `jobtypeid`, `memberid`, `supplierid`, `jobname`, `timestamp`, `description`, `labourtypeid`, `lat`, `lng`, `because`, `size`, `start`, `timer`, `flag`) VALUES
(30, 33, 22, 1, 'AC Cleaning', '2016-06-13 14:57:08', 'ac ac ac ac', 1, 7.19071, 125.455, 1, 1, 1, '0000-00-00 00:00:00', 0),
(31, 31, 23, 1, 'clean 1', '2016-06-14 03:18:08', 'Clean ac', 1, 51.5074, -0.127758, 1, 1, 1, '0000-00-00 00:00:00', 0),
(32, 31, 23, 1, 'clean ac 2', '2016-06-14 05:03:44', 'clean ac', 2, 51.5074, -0.127758, 4, 5, 4, '0000-00-00 00:00:00', 0),
(33, 31, 23, 1, 'clean 4', '2016-06-14 05:18:55', 'clean ac 4', 2, 39.9626, -76.7277, 5, 5, 3, '0000-00-00 00:00:00', 0),
(34, 62, 22, 1, 'delete trial', '2016-06-14 15:07:31', 'gdfgdgfgf', 1, 7.19071, 125.455, 2, 2, 3, '0000-00-00 00:00:00', 1),
(35, 35, 22, 1, 'trial delete this', '2016-06-14 15:23:29', 'asdasdas', 2, 7.19071, 125.455, 3, 1, 5, '0000-00-00 00:00:00', 1),
(36, 31, 22, 1, 'ac yass', '2016-06-15 02:05:28', 'sgdsfdsfdsf', 1, 7.19071, 125.455, 1, 1, 4, '0000-00-00 00:00:00', 0),
(37, 31, 22, 1, 'luuuh', '2016-06-15 10:00:58', 'Bzbshahakks', 1, 7.03496, 125.504, 4, 4, 1, '0000-00-00 00:00:00', 1),
(38, 31, 22, 1, 'luuuhjsjana', '2016-06-15 10:01:36', 'Bzbshahakks', 1, 7.03496, 125.504, 4, 4, 1, '0000-00-00 00:00:00', 0),
(39, 34, 22, 1, 'Lenovo', '2016-06-19 23:54:30', 'hmmmmmmmmmmm', 1, 7.19223, 125.457, 1, 2, 3, '0000-00-00 00:00:00', 0),
(40, 42, 22, 1, 'Survey', '2016-06-20 00:00:04', 'huehuehue', 2, 7.19071, 125.455, 4, 4, 3, '0000-00-00 00:00:00', 0),
(41, 41, 22, 1, 'Interior Design', '2016-06-20 00:01:05', 'tshbbfdvfdvcfd', 1, 7.19071, 125.455, 2, 3, 3, '0000-00-00 00:00:00', 0),
(42, 62, 22, 1, 'Bricklaying', '2016-06-20 00:04:01', 'shhgsgs', 1, 7.19071, 125.455, 3, 1, 3, '0000-00-00 00:00:00', 1),
(43, 314, 22, 1, 'Bay Windows', '2016-06-20 00:06:58', 'fgafgfgdgedfg', 1, 7.19071, 125.455, 3, 1, 3, '0000-00-00 00:00:00', 1),
(44, 495, 22, 1, 'Carpet Pafix', '2016-06-20 00:07:58', 'fgvdfadd', 1, 7.19071, 125.455, 2, 2, 4, '0000-00-00 00:00:00', 1),
(45, 208, 22, 1, 'Bedroom', '2016-06-20 00:10:26', 'skjdfdscnsmdlcsdm', 1, 7.19071, 125.455, 3, 2, 4, '0000-00-00 00:00:00', 1),
(46, 31, 22, 1, 'rdfcfd', '2016-06-20 00:12:39', 'dcdcd', 1, 7.19071, 125.455, 3, 4, 4, '0000-00-00 00:00:00', 1),
(47, 31, 58, 1, 'job1 ac', '2016-06-20 03:19:48', 'ac clean', 2, 12.9276, 100.877, 1, 3, 2, '0000-00-00 00:00:00', 0),
(48, 31, 58, 1, 'job2 ac clean', '2016-06-20 04:41:15', 'clean my ac', 1, 12.9265, 100.889, 1, 2, 2, '0000-00-00 00:00:00', 0),
(49, 31, 58, 1, 'job3 - clean', '2016-06-20 07:57:13', 'cleaning', 2, 12.9276, 100.877, 4, 3, 1, '0000-00-00 00:00:00', 0);

-- --------------------------------------------------------

--
-- Stand-in structure for view `qtr_jobs_messages`
--
CREATE TABLE `qtr_jobs_messages` (
`id` int(11)
,`jobid` int(11)
,`memberid` int(11)
,`supplierid` int(11)
,`sender` int(11)
,`content` text
,`timesent` timestamp
,`jobname` varchar(60)
,`flag` int(11)
);

-- --------------------------------------------------------

--
-- Table structure for table `qtr_jobtypes`
--

CREATE TABLE `qtr_jobtypes` (
  `id` int(11) NOT NULL,
  `description` varchar(100) NOT NULL,
  `parent` int(11) NOT NULL
) ENGINE=InnoDB DEFAULT CHARSET=latin1;

--
-- Dumping data for table `qtr_jobtypes`
--

INSERT INTO `qtr_jobtypes` (`id`, `description`, `parent`) VALUES
(1, 'Air Conditioning - Ventilation', 0),
(2, 'Architecture - Design - Survey - Project Management', 0),
(3, 'Bathrooms', 0),
(4, 'Bricklaying - Stone Work - Walls', 0),
(5, 'Building - Construction - Renovation', 0),
(6, 'Carpenter - Joiner - Fitter', 0),
(7, 'Chimney - Fireplace', 0),
(8, 'Cleaning Services', 0),
(9, 'Conservatories', 0),
(10, 'Doors and Windows', 0),
(11, 'Drainage - Septic Tanks - Water Utilities', 0),
(12, 'Electrical - Wiring - TV - Satellite', 0),
(13, 'Excavator - Ground Works - Driveways - Demolition', 0),
(14, 'Flooring - Carpets', 0),
(15, 'Garages Doors - Gates', 0),
(16, 'General Maintenance (Handyman)', 0),
(17, 'Heating', 0),
(18, 'Kitchens', 0),
(19, 'Landscaping - Gardening - Trees - Fencing - Sheds', 0),
(20, 'Lifts - Stairs', 0),
(21, 'Painting - Decorating - Plastering', 0),
(22, 'Plumbing', 0),
(23, 'Removals', 0),
(24, 'Renewable Energies', 0),
(25, 'Roofing - Soffits - Fascias - Cladding - Guttering', 0),
(26, 'Safety - Security - Alarms - Locksmiths', 0),
(27, 'Swimming Pool Services', 0),
(28, 'Tiling', 0),
(29, 'Welder - Metalworker', 0),
(30, 'Woodworm - Dry Rot - Damp Proofing - Pest Control', 0),
(31, 'Air Conditioning - Installation', 1),
(32, 'Air Conditioning - Repair/Service', 1),
(33, 'General Air Conditioning Work', 1),
(34, 'Ventilation - Installation/Repair', 1),
(35, 'Architectural Consultancy', 2),
(36, 'Architectural Plans/Drawings', 2),
(37, 'Bedroom - Design and Fitting', 2),
(38, 'Building Project Management', 2),
(39, 'Building Survey', 2),
(40, 'Draughtsman', 2),
(41, 'Interior Design', 2),
(42, 'Land Survey', 2),
(43, 'Bath/Sink/Bidet/Toilet - Installation', 3),
(44, 'Bathroom - Design and Installation', 3),
(45, 'Bathroom - Installation', 3),
(46, 'Bathroom Cabinets - Installation', 3),
(47, 'Bathroom Tiling', 3),
(48, 'Extractor - Installation', 3),
(49, 'Extractor - Repair', 3),
(50, 'General Bathroom Work', 3),
(51, 'Italian Shower', 3),
(52, 'Marble Bathroom - Installation', 3),
(53, 'Marble Bathroom - Repair', 3),
(54, 'Shower (electric) - Installation', 3),
(55, 'Shower (electric) - Repair', 3),
(56, 'Shower (non electric) - Installation', 3),
(57, 'Shower (non electric) - Repair', 3),
(58, 'Tap replacement', 3),
(59, 'Wet Room', 3),
(60, 'Wet Room - Installation', 3),
(61, 'Block Paving', 4),
(62, 'Bricklaying', 4),
(63, 'Cavity Wall Insulating', 4),
(64, 'Cavity Wall Insulation Removal', 4),
(65, 'Chimney - Construction', 4),
(66, 'Chimney - Repair', 4),
(67, 'Damp Proofing', 4),
(68, 'Double Sided Fireplace - Installation', 4),
(69, 'Double Sided Fireplace - Repair', 4),
(70, 'Driveway Wall - Construction', 4),
(71, 'Driveway Wall - Repair', 4),
(72, 'Exterior Insulation', 4),
(73, 'External Wall Insulation', 4),
(74, 'Fireplace - Installation', 4),
(75, 'Fireplace - Repair', 4),
(76, 'Garage Construction', 4),
(77, 'Garden Wall - Construction', 4),
(78, 'Garden Wall - Repair', 4),
(79, 'General Chimney Work', 4),
(80, 'General Masonry Work', 4),
(81, 'Laying Flag Stones', 4),
(82, 'Loose Fill/Blown Insulation', 4),
(83, 'Marble Fireplace - Installation', 4),
(84, 'Marble Fireplace - Repair', 4),
(85, 'Marble Floor - Installation', 4),
(86, 'Marble Floor - Repair', 4),
(87, 'Mosaic', 4),
(88, 'Partition Wall - Construction/Repair', 4),
(89, 'Patio - Lay', 4),
(90, 'Patio - Repair', 4),
(91, 'Pebble Dashing', 4),
(92, 'Porch - Construction/Repair', 4),
(93, 'Rendering', 4),
(94, 'Repointing', 4),
(95, 'Sandblasting', 4),
(96, 'Scaffolding', 4),
(97, 'Stone Work/Renovation', 4),
(98, 'Underpinning', 4),
(99, 'Water Proofing', 4),
(100, 'Well - Construction/Repair', 4),
(101, 'Wood Burner - Installation', 4),
(102, 'Wood Burner - Repair', 4),
(103, 'Asbestos Removal', 5),
(104, 'Barn Conversion', 5),
(105, 'Basement/Cellar Renovation', 5),
(106, 'Bath/Sink/Bidet/Toilet - Installation', 5),
(107, 'Bathroom - Design and Installation', 5),
(108, 'Bathroom - Installation', 5),
(109, 'Bay Windows - Installation/Repair', 5),
(110, 'Bricklaying', 5),
(111, 'Car Port - Construction/Repair', 5),
(112, 'Cavity Wall Insulating', 5),
(113, 'Chimney - Construction', 5),
(114, 'Chimney - Repair', 5),
(115, 'Concrete Flooring', 5),
(116, 'Conservatory (metal) - Construction', 5),
(117, 'Conservatory (metal) - Repair', 5),
(118, 'Conservatory (uPVC) - Construction', 5),
(119, 'Conservatory (upvc) - Repair', 5),
(120, 'Conservatory (wooden) - Construction', 5),
(121, 'Conservatory (wooden) - Repair', 5),
(122, 'Damp Proofing', 5),
(123, 'Demolition Work', 5),
(124, 'Dormer Window - Installation', 5),
(125, 'Dormer Window - Repair', 5),
(126, 'Double Glazing - Installation', 5),
(127, 'Double Glazing - Repair', 5),
(128, 'Driveway - Crazy Paving &amp; Slabbing', 5),
(129, 'Driveway - Gravel', 5),
(130, 'Driveway - Pattern Imprinted', 5),
(131, 'Driveway - Tarmac/Asphalt', 5),
(132, 'Dry Walling', 5),
(133, 'Excavations', 5),
(134, 'Extension', 5),
(135, 'Exterior Insulation', 5),
(136, 'External Wall Insulation', 5),
(137, 'Flashing - Installation', 5),
(138, 'Flashing - Repair', 5),
(139, 'Flat Roof - Construction', 5),
(140, 'Flat Roof - Repair', 5),
(141, 'Floor Restoration', 5),
(142, 'Footings/Foundations', 5),
(143, 'Garage Construction', 5),
(144, 'Garage Conversion', 5),
(145, 'Garden Pond - Construction/Repair', 5),
(146, 'General Bathroom Work', 5),
(147, 'General Building Work', 5),
(148, 'General Cladding Work', 5),
(149, 'General Conservatory Work', 5),
(150, 'General Roofing Work', 5),
(151, 'Guttering - Installation', 5),
(152, 'Guttering - Repair', 5),
(153, 'Internal Renovation/Refurbishment', 5),
(154, 'Kitchen Design and Fit', 5),
(155, 'Kitchen Fit', 5),
(156, 'Loft Conversion', 5),
(157, 'Loft Insulating', 5),
(158, 'Loose Fill/Blown Insulation', 5),
(159, 'Marble Bathroom - Installation', 5),
(160, 'Marble Bathroom - Repair', 5),
(161, 'New Build', 5),
(162, 'New Garage Build', 5),
(163, 'New Roof', 5),
(164, 'Outbuilding - Construction/Repair/Renovation', 5),
(165, 'Painting and Decorating (external)', 5),
(166, 'Panelling', 5),
(167, 'Partition Wall - Construction/Repair', 5),
(168, 'Pebble Dashing', 5),
(169, 'Porch - Construction/Repair', 5),
(170, 'Property Renovation', 5),
(171, 'Rendering', 5),
(172, 'Roof Beams - Installation/Restoration', 5),
(173, 'Roof Insulating', 5),
(174, 'Roofing (metal) - Installation/Repair', 5),
(175, 'Roofing Repair/Leak', 5),
(176, 'Sash Window - Installation/Restoration', 5),
(177, 'Scaffolding', 5),
(178, 'Screeding', 5),
(179, 'Shop Fitting', 5),
(180, 'Skylight Windows -  Repair', 5),
(181, 'Small Building Work/Maintenance', 5),
(182, 'Soffits/Fascias/Cladding (uPVC) - Installation/Repair', 5),
(183, 'Sports Facility - Construction/Maintenance', 5),
(184, 'Staircases (metal) - Installation/Repair', 5),
(185, 'Staircases (wooden) - Repair/Installation', 5),
(186, 'Structural Work', 5),
(187, 'Suspended Ceiling - Installation/Repair', 5),
(188, 'Swimming Pool Build', 5),
(189, 'Swimming Pool Enclosure - Construction/Repair', 5),
(190, 'Tile/Slate Roofing', 5),
(191, 'Timber Framed Building - Construction/Repair', 5),
(192, 'Underpinning', 5),
(193, 'uPVC Doors (external) - Installation', 5),
(194, 'uPVC Doors (external) - Repair', 5),
(195, 'Ventilation - Installation/Repair', 5),
(196, 'Water Proofing', 5),
(197, 'Wet Room', 5),
(198, 'Wet Room - Installation', 5),
(199, 'Window (uPVC) - Installation', 5),
(200, 'Window (uPVC) - Repair', 5),
(201, 'Wood Burner - Installation', 5),
(202, 'Wood Burner - Repair', 5),
(203, 'Wooden Decking - Installation/Repair', 5),
(204, 'Wooden Extension', 5),
(205, 'Banister (wooden) - Construction/Repair', 6),
(206, 'Bathroom Cabinets - Installation', 6),
(207, 'Bay Windows - Installation/Repair', 6),
(208, 'Bedroom - Design and Fitting', 6),
(209, 'Bedroom - Fitting', 6),
(210, 'Car Port - Construction/Repair', 6),
(211, 'Conservatory (wooden) - Construction', 6),
(212, 'Conservatory (wooden) - Repair', 6),
(213, 'Dry Rot Treatment', 6),
(214, 'Dry Walling', 6),
(215, 'Engineered Wood Flooring', 6),
(216, 'Fire Door - Installation', 6),
(217, 'Fire Door - Repair', 6),
(218, 'Flat Pack Assembly', 6),
(219, 'Floor Board - Installation', 6),
(220, 'Floor Board - Restoration', 6),
(221, 'Floor Restoration', 6),
(222, 'Floor Sanding and Finishing', 6),
(223, 'French Doors - Installation', 6),
(224, 'French Doors - Repair', 6),
(225, 'Furniture Restoration', 6),
(226, 'Garage Door (wooden) - Installation', 6),
(227, 'Garage Door (wooden) - Repair', 6),
(228, 'Gate (wooden) - Installation', 6),
(229, 'Gate (wooden) - Repair', 6),
(230, 'General Carpentry/Joinery Work', 6),
(231, 'General Door Work', 6),
(232, 'General Fitting and Installation', 6),
(233, 'General Fitting Work', 6),
(234, 'General Shutter Work', 6),
(235, 'Internal Wood Preservation', 6),
(236, 'Kitchen Cupboards - Installation/Repair', 6),
(237, 'Kitchen Design and Fit', 6),
(238, 'Kitchen Fit', 6),
(239, 'Kitchen Worktop - Installation', 6),
(240, 'Kitchen Worktop - Repair', 6),
(241, 'Laminate Flooring - Repair', 6),
(242, 'Panelling', 6),
(243, 'Partition Wall - Construction/Repair', 6),
(244, 'Patio Doors - Installation', 6),
(245, 'Patio Doors - Repairs', 6),
(246, 'Pergola - Installation/Repair', 6),
(247, 'Roof Beams - Installation/Restoration', 6),
(248, 'Sash Window - Installation/Restoration', 6),
(249, 'Shelving/Bookcase - Installation', 6),
(250, 'Shop Fitting', 6),
(251, 'Shutters (wooden) - Installation', 6),
(252, 'Shutters (wooden) - Repair', 6),
(253, 'Soffits/Fascias/Cladding (wooden) - Installation/Repair', 6),
(254, 'Solid Wood Floor - Installation/Restoration', 6),
(255, 'Spiral Staircase - Installation/Restoration', 6),
(256, 'Staircases (wooden) - Repair/Installation', 6),
(257, 'Timber Framed Building - Construction/Repair', 6),
(258, 'Timber Restoration', 6),
(259, 'Timber Sandblasting', 6),
(260, 'Wardrobe - Installation/Repair', 6),
(261, 'Window (wooden) -  Repair', 6),
(262, 'Window (wooden) - Installation', 6),
(263, 'Wood Preservation - External', 6),
(264, 'Wooden Decking - Installation/Repair', 6),
(265, 'Wooden Door (external) - Installation', 6),
(266, 'Wooden Door (external) - Repair', 6),
(267, 'Wooden Door (internal) - Installation', 6),
(268, 'Wooden Door (internal) - Repair', 6),
(269, 'Wooden Extension', 6),
(270, 'Wooden Furniture - Installation/Repair', 6),
(271, 'Wooden Shed - Construction', 6),
(272, 'Wooden Shed - Repair', 6),
(273, 'Wooden Stairs - Installation', 6),
(274, 'Wooden Stairs - Repair', 6),
(275, 'Woodworm Treatment', 6),
(276, 'Boiler Flue Sweeping', 7),
(277, 'Chimney - Construction', 7),
(278, 'Chimney - Repair', 7),
(279, 'Chimney Caps - Installation', 7),
(280, 'Chimney Insert - Installation/Repair', 7),
(281, 'Chimney Sweeping', 7),
(282, 'Double Sided Fireplace - Installation', 7),
(283, 'Double Sided Fireplace - Repair', 7),
(284, 'Electrical Fire - Installation', 7),
(285, 'Electrical Fire - Repair', 7),
(286, 'Fireplace - Installation', 7),
(287, 'Fireplace - Repair', 7),
(288, 'Flue Lining', 7),
(289, 'Gas Fire - Installation', 7),
(290, 'Gas Fire - Repair', 7),
(291, 'General Chimney Work', 7),
(292, 'General Fireplace Work', 7),
(293, 'Marble Fireplace - Installation', 7),
(294, 'Marble Fireplace - Repair', 7),
(295, 'Wood Burner - Installation', 7),
(296, 'Wood Burner - Repair', 7),
(297, 'Boiler Flue Sweeping', 8),
(298, 'Car Cleaning/Valeting', 8),
(299, 'Carpet Cleaning', 8),
(300, 'Drain Cleaning/Unblocking', 8),
(301, 'Driveway Cleaning', 8),
(302, 'Floor Cleaning/Polishing', 8),
(303, 'Garden Clearance', 8),
(304, 'Gutter Clearing', 8),
(305, 'House Cleaning', 8),
(306, 'Office Cleaning', 8),
(307, 'Pressure Cleaning', 8),
(308, 'Sandblasting', 8),
(309, 'Skip Hire', 8),
(310, 'Swimming Pool Cleaning', 8),
(311, 'Timber Sandblasting', 8),
(312, 'Window Cleaning', 8),
(313, 'Awning/Sunshade - Installation/Repair', 9),
(314, 'Bay Windows - Installation/Repair', 9),
(315, 'Composite Door - Installation', 9),
(316, 'Composite Door - Repair', 9),
(317, 'Conservatory (metal) - Construction', 9),
(318, 'Conservatory (metal) - Repair', 9),
(319, 'Conservatory (uPVC) - Construction', 9),
(320, 'Conservatory (upvc) - Repair', 9),
(321, 'Conservatory (wooden) - Construction', 9),
(322, 'Conservatory (wooden) - Repair', 9),
(323, 'Conservatory Blinds - Installation', 9),
(324, 'Double Glazing - Installation', 9),
(325, 'Double Glazing - Repair', 9),
(326, 'French Doors - Installation', 9),
(327, 'French Doors - Repair', 9),
(328, 'General Conservatory Repairs', 9),
(329, 'General Conservatory Work', 9),
(330, 'General Door Work', 9),
(331, 'General Window Work', 9),
(332, 'Patio Doors - Installation', 9),
(333, 'Patio Doors - Repairs', 9),
(334, 'Sash Window - Installation/Restoration', 9),
(335, 'Skylight Windows -  Repair', 9),
(336, 'Skylight Windows - Installation', 9),
(337, 'uPVC Doors (external) - Installation', 9),
(338, 'uPVC Doors (external) - Repair', 9),
(339, 'Velux Window - Installation', 9),
(340, 'Velux Window - Repair', 9),
(341, 'Window (metal) - Installation', 9),
(342, 'Window (metal) - Repair', 9),
(343, 'Window (uPVC) - Installation', 9),
(344, 'Window (uPVC) - Repair', 9),
(345, 'Window (wooden) -  Repair', 9),
(346, 'Window (wooden) - Installation', 9),
(347, 'Window Blinds - Fitting', 9),
(348, 'Window Glazing', 9),
(349, 'Awning/Sunshade - Installation/Repair', 10),
(350, 'Bay Windows - Installation/Repair', 10),
(351, 'Composite Door - Installation', 10),
(352, 'Composite Door - Repair', 10),
(353, 'Conservatory (metal) - Construction', 10),
(354, 'Conservatory (metal) - Repair', 10),
(355, 'Conservatory (uPVC) - Construction', 10),
(356, 'Conservatory (upvc) - Repair', 10),
(357, 'Conservatory (wooden) - Construction', 10),
(358, 'Conservatory (wooden) - Repair', 10),
(359, 'Conservatory Blinds - Installation', 10),
(360, 'Dormer Window - Installation', 10),
(361, 'Dormer Window - Repair', 10),
(362, 'Double Glazing - Installation', 10),
(363, 'Double Glazing - Repair', 10),
(364, 'Fire Door - Installation', 10),
(365, 'Fire Door - Repair', 10),
(366, 'French Doors - Installation', 10),
(367, 'French Doors - Repair', 10),
(368, 'General Conservatory Repairs', 10),
(369, 'General Conservatory Work', 10),
(370, 'General Door Work', 10),
(371, 'General Window Work', 10),
(372, 'Patio Doors - Installation', 10),
(373, 'Patio Doors - Repairs', 10),
(374, 'Roller Blind - Installation', 10),
(375, 'Roof Window Blind - Installation', 10),
(376, 'Sash Window - Installation/Restoration', 10),
(377, 'Shutters (metal) - Installation', 10),
(378, 'Shutters (metal) - Repair', 10),
(379, 'Shutters (wooden) - Installation', 10),
(380, 'Shutters (wooden) - Repair', 10),
(381, 'Skylight Windows -  Repair', 10),
(382, 'Skylight Windows - Installation', 10),
(383, 'Stained Glass - Design/Manufacture', 10),
(384, 'Stained Glass - Repair/Restoration', 10),
(385, 'uPVC Doors (external) - Installation', 10),
(386, 'uPVC Doors (external) - Repair', 10),
(387, 'Velux Window - Installation', 10),
(388, 'Velux Window - Repair', 10),
(389, 'Venetian Blind - Installation', 10),
(390, 'Vertical Blind - Installation', 10),
(391, 'Window (metal) - Installation', 10),
(392, 'Window (metal) - Repair', 10),
(393, 'Window (uPVC) - Installation', 10),
(394, 'Window (uPVC) - Repair', 10),
(395, 'Window (wooden) -  Repair', 10),
(396, 'Window (wooden) - Installation', 10),
(397, 'Window Blinds - Fitting', 10),
(398, 'Window Cleaning', 10),
(399, 'Window Glazing', 10),
(400, 'Wooden Door (external) - Installation', 10),
(401, 'Wooden Door (external) - Repair', 10),
(402, 'Wooden Door (internal) - Installation', 10),
(403, 'Wooden Door (internal) - Repair', 10),
(404, 'Drain Cleaning/Unblocking', 11),
(405, 'General Drainage Work', 11),
(406, 'Land Drainage', 11),
(407, 'Leak Detection - External', 11),
(408, 'Septic Tank Cleaning/Maintenance', 11),
(409, 'Septic Tank Installation', 11),
(410, 'Sewage Services', 11),
(411, 'Soakaway - Installation/Service', 11),
(412, 'Utilities Connection', 11),
(413, 'Water Purification System', 11),
(414, 'Alarms', 12),
(415, 'Audio/Visual - Installation/Repair', 12),
(416, 'Automated Gate - Installation', 12),
(417, 'Burglar/Intruder Alarm - Installation', 12),
(418, 'Burglar/Intruder Alarm - Repair', 12),
(419, 'Ceiling Fan - Installation', 12),
(420, 'Ceiling Fan - Repair', 12),
(421, 'Convection Heater - Installation', 12),
(422, 'Convection Heaters - Repair', 12),
(423, 'Cooker Hood - Installation', 12),
(424, 'Cooker Hood - Repair', 12),
(425, 'Door Entry System - Installation', 12),
(426, 'Door Entry System - Repair', 12),
(427, 'Electric Boiler - Installation', 12),
(428, 'Electric Boiler - Repair', 12),
(429, 'Electric Boiler - Servicing', 12),
(430, 'Electric Gate - Installation', 12),
(431, 'Electric Gates - Repair', 12),
(432, 'Electric Hob/Oven - Installation', 12),
(433, 'Electric Hobs/Ovens - Repair', 12),
(434, 'Electric Water Heater - Installation', 12),
(435, 'Electric Water Heater - Repair', 12),
(436, 'Electric Water Heater - Servicing', 12),
(437, 'Electrical Fire - Installation', 12),
(438, 'Electrical Fire - Repair', 12),
(439, 'Electrical Inspecting/Testing', 12),
(440, 'Emergency Electrical Work', 12),
(441, 'Extractor - Installation', 12),
(442, 'Extractor - Repair', 12),
(443, 'Fire/Smoke Alarm - Installation/Repair/Testing', 12),
(444, 'Fusebox/Consumer Unit - Installation/Repair', 12),
(445, 'General Air Conditioning Work', 12),
(446, 'General Alarm Work', 12),
(447, 'General Electrical/Wiring Work', 12),
(448, 'General TV Repair Work', 12),
(449, 'Immersion Heater - Installation', 12),
(450, 'Immersion Heater - Repair', 12),
(451, 'Intercom - Installation', 12),
(452, 'Intercom - Repair', 12),
(453, 'Intercom and Entry System', 12),
(454, 'Lift Repair/Servicing', 12),
(455, 'Lighting and Power - Installation', 12),
(456, 'Lighting and Power - Repair', 12),
(457, 'Radiators (electric) - Installation/Repair', 12),
(458, 'Rewiring', 12),
(459, 'Satellite Dish - Installation/Repair/Alignment', 12),
(460, 'Shower (electric) - Installation', 12),
(461, 'Shower (electric) - Repair', 12),
(462, 'Telephone Engineering - Installation/Repair', 12),
(463, 'TV Aerial - Installation/Repair', 12),
(464, 'Under Floor Heating (electric) - Installation/Repair', 12),
(465, 'Utilities Connection', 12),
(466, 'Video Surveillance/CCTV - Installation/Repair', 12),
(467, 'White Goods - Installation/Repair', 12),
(468, 'Asbestos Removal', 13),
(469, 'Block Paving', 13),
(470, 'Concrete Flooring', 13),
(471, 'Demolition Work', 13),
(472, 'Driveway - Crazy Paving &amp; Slabbing', 13),
(473, 'Driveway - Gravel', 13),
(474, 'Driveway - Pattern Imprinted', 13),
(475, 'Driveway - Tarmac/Asphalt', 13),
(476, 'Driveway Cleaning', 13),
(477, 'Driveway Wall - Construction', 13),
(478, 'Driveway Wall - Repair', 13),
(479, 'Excavations', 13),
(480, 'Fencing - Erect', 13),
(481, 'Fencing - Repair', 13),
(482, 'Footings/Foundations', 13),
(483, 'General Driveway Work', 13),
(484, 'General Ground Work', 13),
(485, 'Ground Works', 13),
(486, 'Land Drainage', 13),
(487, 'Patio - Lay', 13),
(488, 'Patio - Repair', 13),
(489, 'Plant Hire', 13),
(490, 'Screeding', 13),
(491, 'Soakaway - Installation/Service', 13),
(492, 'Sports Facility - Construction/Maintenance', 13),
(493, 'Underpinning', 13),
(494, 'Utilities Connection', 13),
(495, 'Carpet - Fit only', 14),
(496, 'Carpet - Supply and Fit', 14),
(497, 'Concrete Flooring', 14),
(498, 'Engineered Wood Flooring', 14),
(499, 'Floor Board - Installation', 14),
(500, 'Floor Board - Restoration', 14),
(501, 'Floor Cleaning/Polishing', 14),
(502, 'Floor Restoration', 14),
(503, 'Floor Sanding and Finishing', 14),
(504, 'Floor Tiling', 14),
(505, 'General Flooring Work', 14),
(506, 'Laminate Flooring - Installation', 14),
(507, 'Laminate Flooring - Repair', 14),
(508, 'Linoleum Flooring - Installation', 14),
(509, 'Linoleum Flooring - Repair', 14),
(510, 'Marble Floor - Installation', 14),
(511, 'Marble Floor - Repair', 14),
(512, 'Parquet Flooring - Installation', 14),
(513, 'Parquet Flooring - Repair', 14),
(514, 'Resin Flooring - Installation', 14),
(515, 'Resin Flooring - Repair', 14),
(516, 'Solid Wood Floor - Installation/Restoration', 14),
(517, 'Vinyl Flooring  - Repair', 14),
(518, 'Vinyl Flooring - Installation', 14),
(519, 'Automated Gate - Installation', 15),
(520, 'Automated Gate - Repair', 15),
(521, 'Automatic Garage Door - Installation/Repair', 15),
(522, 'Electric Gate - Installation', 15),
(523, 'Electric Gates - Repair', 15),
(524, 'Garage Door (metal) - Installation', 15),
(525, 'Garage Door (metal) - Repair', 15),
(526, 'Garage Door (wooden) - Installation', 15),
(527, 'Garage Door (wooden) - Repair', 15),
(528, 'Gate (metal) - Installation', 15),
(529, 'Gate (metal) - Repair', 15),
(530, 'Gate (wooden) - Installation', 15),
(531, 'Gate (wooden) - Repair', 15),
(532, 'General Garage Door Work', 15),
(533, 'General Gate Work', 15),
(534, 'Security Gate - Installation', 15),
(535, 'Security Gate - Repair', 15),
(536, 'Above Ground Swimming Pool - Installation/Repair', 16),
(537, 'Automatic Garage Door - Installation/Repair', 16),
(538, 'Awning/Sunshade - Installation/Repair', 16),
(539, 'Banister (metal) - Construction/Repair', 16),
(540, 'Banister (wooden) - Construction/Repair', 16),
(541, 'Bathroom Cabinets - Installation', 16),
(542, 'Bathroom/Kitchen Leak', 16),
(543, 'Bedroom - Design and Fitting', 16),
(544, 'Bedroom - Fitting', 16),
(545, 'Boiler Flue Sweeping', 16),
(546, 'Burglar/Intruder Alarm - Repair', 16),
(547, 'Carpet - Fit only', 16),
(548, 'Carpet - Supply and Fit', 16),
(549, 'Carpet Cleaning', 16),
(550, 'Ceiling Fan - Installation', 16),
(551, 'Ceiling Fan - Repair', 16),
(552, 'Chimney - Repair', 16),
(553, 'Chimney Caps - Installation', 16),
(554, 'Chimney Sweeping', 16),
(555, 'Composite Door - Installation', 16),
(556, 'Composite Door - Repair', 16),
(557, 'Conservatory (upvc) - Repair', 16),
(558, 'Conservatory (wooden) - Repair', 16),
(559, 'Conservatory Blinds - Installation', 16),
(560, 'Convection Heater - Installation', 16),
(561, 'Convection Heaters - Repair', 16),
(562, 'Cooker Hood - Installation', 16),
(563, 'Cooker Hood - Repair', 16),
(564, 'Door Entry System - Repair', 16),
(565, 'Dormer Window - Repair', 16),
(566, 'Double Glazing - Repair', 16),
(567, 'Double Sided Fireplace - Repair', 16),
(568, 'Drain Cleaning/Unblocking', 16),
(569, 'Driveway Cleaning', 16),
(570, 'Driveway Wall - Repair', 16),
(571, 'Electric Gates - Repair', 16),
(572, 'Electric Hob/Oven - Installation', 16),
(573, 'Electric Hobs/Ovens - Repair', 16),
(574, 'Extractor - Installation', 16),
(575, 'Extractor - Repair', 16),
(576, 'Fencing - Repair', 16),
(577, 'Fire Door - Installation', 16),
(578, 'Fire Door - Repair', 16),
(579, 'Fire Extinguisher - Installation/Servicing', 16),
(580, 'Fire/Smoke Alarm - Installation/Repair/Testing', 16),
(581, 'Fireplace - Repair', 16),
(582, 'Flashing - Repair', 16),
(583, 'Flat Pack Assembly', 16),
(584, 'Flat Roof - Repair', 16),
(585, 'Flue Lining', 16),
(586, 'French Doors - Repair', 16),
(587, 'Furniture Restoration', 16),
(588, 'Garage Door (metal) - Installation', 16),
(589, 'Garage Door (metal) - Repair', 16),
(590, 'Garage Door (wooden) - Installation', 16),
(591, 'Garage Door (wooden) - Repair', 16),
(592, 'Garden Clearance', 16),
(593, 'Garden Maintenance', 16),
(594, 'Garden Pond - Construction/Repair', 16),
(595, 'Garden Wall - Repair', 16),
(596, 'Gate (metal) - Installation', 16),
(597, 'Gate (metal) - Repair', 16),
(598, 'Gate (wooden) - Installation', 16),
(599, 'Gate (wooden) - Repair', 16),
(600, 'General Awning Work', 16),
(601, 'General Blind Work', 16),
(602, 'General Building Work', 16),
(603, 'General Carpentry/Joinery Work', 16),
(604, 'General Cleaning Work', 16),
(605, 'General Conservatory Repairs', 16),
(606, 'General Damp Proofing Work', 16),
(607, 'General Fascias/Soffits/Guttering Work', 16),
(608, 'General Fencing Work', 16),
(609, 'General Fireplace Work', 16),
(610, 'General Fitting and Installation', 16),
(611, 'General Fitting Work', 16),
(612, 'General Flooring Work', 16),
(613, 'General Furniture Removal Work', 16),
(614, 'General Garage Door Work', 16),
(615, 'General Gardening Work', 16),
(616, 'General Gate Work', 16),
(617, 'General Handyman Work', 16),
(618, 'General Kitchen Work', 16),
(619, 'General Locksmith Work', 16),
(620, 'General Masonry Work', 16),
(621, 'General Painting/Decorating Work', 16),
(622, 'General Plastering Work', 16),
(623, 'General Plumbing Work', 16),
(624, 'General Roofing Work', 16),
(625, 'General Security Work', 16),
(626, 'General Shutter Work', 16),
(627, 'General Stairs Work', 16),
(628, 'General Swimming Pool Work', 16),
(629, 'General Tiling Work', 16),
(630, 'General TV Repair Work', 16),
(631, 'General Window Work', 16),
(632, 'Greenhouse - Installation', 16),
(633, 'Greenhouse - Repair', 16),
(634, 'Gutter Clearing', 16),
(635, 'Guttering - Installation', 16),
(636, 'Guttering - Repair', 16),
(637, 'Intercom - Repair', 16),
(638, 'Internal Leak Detection', 16),
(639, 'Kitchen Cupboards - Installation/Repair', 16),
(640, 'Kitchen Worktop - Installation', 16),
(641, 'Kitchen Worktop - Repair', 16),
(642, 'Laminate Flooring - Installation', 16),
(643, 'Laminate Flooring - Repair', 16),
(644, 'Lawn Mowing', 16),
(645, 'Laying Flag Stones', 16),
(646, 'Lift Repair/Servicing', 16),
(647, 'Linoleum Flooring - Installation', 16),
(648, 'Linoleum Flooring - Repair', 16),
(649, 'Painting and Decorating (external)', 16),
(650, 'Painting and Decorating (internal)', 16),
(651, 'Parquet Flooring - Installation', 16),
(652, 'Parquet Flooring - Repair', 16),
(653, 'Patio - Repair', 16),
(654, 'Patio Cleaning', 16),
(655, 'Patio Doors - Repairs', 16),
(656, 'Plaster Boarding', 16),
(657, 'Radiators (water filled) - Installation/Repair/Flushing', 16),
(658, 'Repointing', 16),
(659, 'Resin Flooring - Repair', 16),
(660, 'Roller Blind - Installation', 16),
(661, 'Roller/Security Shutter - Installation/Repair', 16),
(662, 'Roof Window Blind - Installation', 16),
(663, 'Roofing Repair/Leak', 16),
(664, 'Satellite Dish - Installation/Repair/Alignment', 16),
(665, 'Security Gate - Repair', 16),
(666, 'Shelving/Bookcase - Installation', 16),
(667, 'Shower (non electric) - Installation', 16),
(668, 'Shower (non electric) - Repair', 16),
(669, 'Shutters (metal) - Installation', 16),
(670, 'Shutters (metal) - Repair', 16),
(671, 'Shutters (wooden) - Installation', 16),
(672, 'Shutters (wooden) - Repair', 16),
(673, 'Skylight Windows -  Repair', 16),
(674, 'Small Building Work/Maintenance', 16),
(675, 'Swimming Pool Cleaning', 16),
(676, 'Tap replacement', 16),
(677, 'TV Aerial - Installation/Repair', 16),
(678, 'uPVC Doors (external) - Repair', 16),
(679, 'Velux Window - Repair', 16),
(680, 'Venetian Blind - Installation', 16),
(681, 'Vertical Blind - Installation', 16),
(682, 'Vinyl Flooring  - Repair', 16),
(683, 'Vinyl Flooring - Installation', 16),
(684, 'Wardrobe - Installation/Repair', 16),
(685, 'Washing machine/Dishwasher - Installation/Repair', 16),
(686, 'White Goods - Installation/Repair', 16),
(687, 'Window (metal) - Repair', 16),
(688, 'Window (uPVC) - Repair', 16),
(689, 'Window (wooden) -  Repair', 16),
(690, 'Window Blinds - Fitting', 16),
(691, 'Window Cleaning', 16),
(692, 'Wood Burner - Repair', 16),
(693, 'Wood Preservation - External', 16),
(694, 'Wooden Door (external) - Installation', 16),
(695, 'Wooden Door (external) - Repair', 16),
(696, 'Wooden Door (internal) - Installation', 16),
(697, 'Wooden Door (internal) - Repair', 16),
(698, 'Wooden Furniture - Installation/Repair', 16),
(699, 'Wooden Shed - Construction', 16),
(700, 'Wooden Shed - Repair', 16),
(701, 'Wooden Stairs - Repair', 16),
(702, 'Boiler Flue Sweeping', 17),
(703, 'Electric Boiler - Installation', 17),
(704, 'Electric Boiler - Repair', 17),
(705, 'Electric Boiler - Servicing', 17),
(706, 'Electric Water Heater - Installation', 17),
(707, 'Electric Water Heater - Repair', 17),
(708, 'Electric Water Heater - Servicing', 17),
(709, 'Flue Lining', 17),
(710, 'Gas Boiler Central Heating - Installation', 17),
(711, 'Gas Boiler Central Heating - Repair', 17),
(712, 'Gas Boiler Central Heating - Servicing', 17),
(713, 'Gas Fire - Installation', 17),
(714, 'Gas Fire - Repair', 17),
(715, 'Gas Fitting', 17),
(716, 'Gas Water Heater - Installation', 17),
(717, 'Gas Water Heater - Repair', 17),
(718, 'Gas Water Heater - Servicing', 17),
(719, 'General Heating Work', 17),
(720, 'Immersion Heater - Installation', 17),
(721, 'Immersion Heater - Repair', 17),
(722, 'Oil Fired Central Heating - Installation', 17),
(723, 'Oil Fired Central Heating - Repair', 17),
(724, 'Oil Fired Central Heating - Servicing', 17),
(725, 'Radiators (electric) - Installation/Repair', 17),
(726, 'Radiators (oil filled) - Installation/Repair', 17),
(727, 'Radiators (water filled) - Installation/Repair/Flushing', 17),
(728, 'Under Floor Heating (electric) - Installation/Repair', 17),
(729, 'Under Floor Heating (water) - Installation/Repair', 17),
(730, 'Bath/Sink/Bidet/Toilet - Installation', 18),
(731, 'Cooker Hood - Installation', 18),
(732, 'Cooker Hood - Repair', 18),
(733, 'Electric Hob/Oven - Installation', 18),
(734, 'Electric Hobs/Ovens - Repair', 18),
(735, 'Extractor - Installation', 18),
(736, 'Extractor - Repair', 18),
(737, 'Gas Hob/Oven - Installation/Repair', 18),
(738, 'General Kitchen Work', 18),
(739, 'Kitchen Cupboards - Installation/Repair', 18),
(740, 'Kitchen Design and Fit', 18),
(741, 'Kitchen Fit', 18),
(742, 'Kitchen Tiling', 18),
(743, 'Kitchen Worktop - Installation', 18),
(744, 'Kitchen Worktop - Repair', 18),
(745, 'Marble Workstop - Repair', 18),
(746, 'Marble Worktop - Installation', 18),
(747, 'Tap replacement', 18),
(748, 'Arborist', 19),
(749, 'Block Paving', 19),
(750, 'Fencing - Erect', 19),
(751, 'Fencing - Repair', 19),
(752, 'Garden Clearance', 19),
(753, 'Garden Design', 19),
(754, 'Garden Maintenance', 19),
(755, 'Garden Pond - Construction/Repair', 19),
(756, 'Garden Wall - Construction', 19),
(757, 'Garden Wall - Repair', 19),
(758, 'Gardening', 19),
(759, 'General Fencing Work', 19),
(760, 'General Gardening Work', 19),
(761, 'General Landscaping Work', 19),
(762, 'Greenhouse - Installation', 19),
(763, 'Greenhouse - Repair', 19),
(764, 'Landscaping', 19),
(765, 'Lawn Mowing', 19),
(766, 'Laying Flag Stones', 19),
(767, 'Patio - Lay', 19),
(768, 'Patio - Repair', 19),
(769, 'Pergola - Installation/Repair', 19),
(770, 'Pruning', 19),
(771, 'Sprinkler System - Installation/Repair', 19),
(772, 'Tree Planting', 19),
(773, 'Tree Surgery', 19),
(774, 'Turfing', 19),
(775, 'Well - Construction/Repair', 19),
(776, 'Wooden Decking - Installation/Repair', 19),
(777, 'Wooden Shed - Construction', 19),
(778, 'Wooden Shed - Repair', 19),
(779, 'Banister (metal) - Construction/Repair', 20),
(780, 'Banister (wooden) - Construction/Repair', 20),
(781, 'General Lift Work', 20),
(782, 'General Stairs Work', 20),
(783, 'Lift - Installation', 20),
(784, 'Lift Repair/Servicing', 20),
(785, 'Spiral Staircase - Installation/Restoration', 20),
(786, 'Staircases (wooden) - Repair/Installation', 20),
(787, 'Wooden Stairs - Installation', 20),
(788, 'Wooden Stairs - Repair', 20),
(789, 'Artexing', 21),
(790, 'Cavity Wall Insulating', 21),
(791, 'Coving', 21),
(792, 'Dry Walling', 21),
(793, 'General Painting/Decorating Work', 21),
(794, 'General Plastering Work', 21),
(795, 'Home Staging', 21),
(796, 'Laminate Flooring - Installation', 21),
(797, 'Laminate Flooring - Repair', 21),
(798, 'Mosaic', 21),
(799, 'Painting and Decorating (external)', 21),
(800, 'Painting and Decorating (internal)', 21),
(801, 'Partition Wall - Construction/Repair', 21),
(802, 'Plaster Boarding', 21),
(803, 'Plastering', 21),
(804, 'Sandblasting', 21),
(805, 'Skimming', 21),
(806, 'Suspended Ceiling - Installation/Repair', 21),
(807, 'Wall Tiling', 21),
(808, 'Wallpapering', 21),
(809, 'Air Conditioning - Installation', 22),
(810, 'Air Conditioning - Repair/Service', 22),
(811, 'Bath/Sink/Bidet/Toilet - Installation', 22),
(812, 'Bathroom - Design and Installation', 22),
(813, 'Bathroom - Installation', 22),
(814, 'Bathroom/Kitchen Leak', 22),
(815, 'Boiler Flue Sweeping', 22),
(816, 'Drain Cleaning/Unblocking', 22),
(817, 'Electric Water Heater - Installation', 22),
(818, 'Electric Water Heater - Repair', 22),
(819, 'Electric Water Heater - Servicing', 22),
(820, 'Emergency Gas Plumbing', 22),
(821, 'Emergency Water Plumbing', 22),
(822, 'Fire Extinguisher - Installation/Servicing', 22),
(823, 'Fire Sprinkler System - Installation/Repair/Testing', 22),
(824, 'Gas Boiler Central Heating - Installation', 22),
(825, 'Gas Boiler Central Heating - Repair', 22),
(826, 'Gas Boiler Central Heating - Servicing', 22),
(827, 'Gas Fire - Installation', 22),
(828, 'Gas Fire - Repair', 22),
(829, 'Gas Fitting', 22),
(830, 'Gas Hob/Oven - Installation/Repair', 22),
(831, 'Gas Inspecting/Safety Checks', 22),
(832, 'Gas Leak Detection', 22),
(833, 'Gas Water Heater - Installation', 22),
(834, 'Gas Water Heater - Repair', 22),
(835, 'Gas Water Heater - Servicing', 22),
(836, 'General Bathroom Work', 22),
(837, 'General Heating Work', 22),
(838, 'General Kitchen Plumbing', 22),
(839, 'General Plumbing Work', 22),
(840, 'Hot Tub - Installation', 22),
(841, 'Hot Tub - Repair', 22),
(842, 'Immersion Heater - Installation', 22),
(843, 'Immersion Heater - Repair', 22),
(844, 'Internal Leak Detection', 22),
(845, 'Italian Shower', 22),
(846, 'Leak Detection - External', 22),
(847, 'Oil Fired Central Heating - Installation', 22),
(848, 'Oil Fired Central Heating - Repair', 22),
(849, 'Oil Fired Central Heating - Servicing', 22),
(850, 'Radiators (oil filled) - Installation/Repair', 22),
(851, 'Radiators (water filled) - Installation/Repair/Flushing', 22),
(852, 'Shower (electric) - Installation', 22),
(853, 'Shower (electric) - Repair', 22),
(854, 'Shower (non electric) - Installation', 22),
(855, 'Shower (non electric) - Repair', 22),
(856, 'Tap replacement', 22),
(857, 'Under Floor Heating (electric) - Installation/Repair', 22),
(858, 'Under Floor Heating (water) - Installation/Repair', 22),
(859, 'Utilities Connection', 22),
(860, 'Washing machine/Dishwasher - Installation/Repair', 22),
(861, 'Water Purification System', 22),
(862, 'Water Tank - Installation/Repair', 22),
(863, 'Wet Room', 22),
(864, 'Wet Room - Installation', 22),
(865, 'General Furniture Removal Work', 23),
(866, 'House Removal', 23),
(867, 'Office Removals', 23),
(868, 'General Renewable Energy Work', 24),
(869, 'Geothermal Energy - Installation/Repair', 24),
(870, 'Hydro Energy - Installation/Repair', 24),
(871, 'Solar Energy - Installation/Repair', 24),
(872, 'Wind Turbines - Installation/Repair', 24),
(873, 'Chimney - Construction', 25),
(874, 'Chimney - Repair', 25),
(875, 'Chimney Caps - Installation', 25),
(876, 'Dormer Window - Installation', 25),
(877, 'Dormer Window - Repair', 25),
(878, 'Flashing - Installation', 25),
(879, 'Flashing - Repair', 25),
(880, 'Flat Roof - Construction', 25),
(881, 'Flat Roof - Repair', 25),
(882, 'General Cladding Work', 25),
(883, 'General Fascias/Soffits/Guttering Work', 25),
(884, 'General Roofing Work', 25),
(885, 'Gutter Clearing', 25),
(886, 'Guttering - Installation', 25),
(887, 'Guttering - Repair', 25),
(888, 'Loft Conversion', 25),
(889, 'Loft Insulating', 25),
(890, 'Loose Fill/Blown Insulation', 25),
(891, 'New Roof', 25),
(892, 'Roof Beams - Installation/Restoration', 25),
(893, 'Roof Insulating', 25),
(894, 'Roofing (fibre glass) - Installation/Repair', 25),
(895, 'Roofing (glass) - Construction/Repair', 25),
(896, 'Roofing (metal) - Installation/Repair', 25),
(897, 'Roofing Repair/Leak', 25),
(898, 'Scaffolding', 25),
(899, 'Skylight Windows -  Repair', 25),
(900, 'Skylight Windows - Installation', 25),
(901, 'Soffits/Fascias/Cladding (uPVC) - Installation/Repair', 25),
(902, 'Soffits/Fascias/Cladding (wooden) - Installation/Repair', 25),
(903, 'Thatched Roofing', 25),
(904, 'Tile/Slate Roofing', 25),
(905, 'Velux Window - Installation', 25),
(906, 'Velux Window - Repair', 25),
(907, 'Alarms', 26),
(908, 'Burglar/Intruder Alarm - Installation', 26),
(909, 'Burglar/Intruder Alarm - Repair', 26),
(910, 'Door Entry System - Installation', 26),
(911, 'Door Entry System - Repair', 26),
(912, 'Fire Extinguisher - Installation/Servicing', 26),
(913, 'Fire Sprinkler System - Installation/Repair/Testing', 26),
(914, 'Fire/Smoke Alarm - Installation/Repair/Testing', 26),
(915, 'General Alarm Work', 26),
(916, 'General Locksmith Work', 26),
(917, 'General Security Work', 26),
(918, 'Intercom - Installation', 26),
(919, 'Intercom - Repair', 26),
(920, 'Intercom and Entry System', 26),
(921, 'Locksmith', 26),
(922, 'Roller/Security Shutter - Installation/Repair', 26),
(923, 'Security Gate - Installation', 26),
(924, 'Security Gate - Repair', 26),
(925, 'Swimming Pool Security System - Installation/Repair', 26),
(926, 'Video Surveillance/CCTV - Installation/Repair', 26),
(927, 'Above Ground Swimming Pool - Installation/Repair', 27),
(928, 'General Swimming Pool Work', 27),
(929, 'Hot Tub - Installation', 27),
(930, 'Hot Tub - Repair', 27),
(931, 'Swimming Pool Build', 27),
(932, 'Swimming Pool Cleaning', 27),
(933, 'Swimming Pool Enclosure - Construction/Repair', 27),
(934, 'Swimming Pool Security System - Installation/Repair', 27),
(935, 'Swimming Pool Servicing/Maintenance', 27),
(936, 'Swimming Pool Surround - Installation/Repair', 27),
(937, 'Swimming Pool Wintering', 27),
(938, 'Bathroom Tiling', 28),
(939, 'Ceramic Tiling', 28),
(940, 'Floor Tiling', 28),
(941, 'General Tiling Work', 28),
(942, 'Kitchen Tiling', 28),
(943, 'Mosaic', 28),
(944, 'Slate Tiling', 28),
(945, 'Terracotta Tiling', 28),
(946, 'Wall Tiling', 28),
(947, 'Banister (metal) - Construction/Repair', 29),
(948, 'Conservatory (metal) - Repair', 29),
(949, 'Garage Door (metal) - Repair', 29),
(950, 'Gate (metal) - Installation', 29),
(951, 'Gate (metal) - Repair', 29),
(952, 'General Metal Works', 29),
(953, 'General Welding Work', 29),
(954, 'Metal Working', 29),
(955, 'Roofing (metal) - Installation/Repair', 29),
(956, 'Shutters (metal) - Installation', 29),
(957, 'Shutters (metal) - Repair', 29),
(958, 'Staircases (metal) - Installation/Repair', 29),
(959, 'Welding', 29),
(960, 'Window (metal) - Installation', 29),
(961, 'Window (metal) - Repair', 29),
(962, 'Cavity Wall Insulation Removal', 30),
(963, 'Damp Proofing', 30),
(964, 'Disinfection', 30),
(965, 'Dry Rot Treatment', 30),
(966, 'General Damp Proofing Work', 30),
(967, 'General Dry Rot Work', 30),
(968, 'General Woodworm Work', 30),
(969, 'Internal Wood Preservation', 30),
(970, 'Pest Control - Birds', 30),
(971, 'Pest Control - Insects', 30),
(972, 'Pest Control - Rodents', 30),
(973, 'Water Proofing', 30),
(974, 'Wood Preservation - External', 30),
(975, 'Woodworm Treatment', 30);

-- --------------------------------------------------------

--
-- Table structure for table `qtr_labourtype`
--

CREATE TABLE `qtr_labourtype` (
  `id` int(11) NOT NULL,
  `description` varchar(30) NOT NULL
) ENGINE=InnoDB DEFAULT CHARSET=latin1;

--
-- Dumping data for table `qtr_labourtype`
--

INSERT INTO `qtr_labourtype` (`id`, `description`) VALUES
(1, 'labourandmaterials'),
(2, 'labouronly');

-- --------------------------------------------------------

--
-- Table structure for table `qtr_member`
--

CREATE TABLE `qtr_member` (
  `id` int(11) NOT NULL,
  `username` varchar(60) NOT NULL,
  `password` varchar(60) NOT NULL,
  `email` varchar(60) NOT NULL,
  `first_name` varchar(60) NOT NULL,
  `last_name` varchar(60) NOT NULL,
  `timestamp` timestamp NOT NULL DEFAULT CURRENT_TIMESTAMP
) ENGINE=InnoDB DEFAULT CHARSET=latin1;

--
-- Dumping data for table `qtr_member`
--

INSERT INTO `qtr_member` (`id`, `username`, `password`, `email`, `first_name`, `last_name`, `timestamp`) VALUES
(1, 'bapbap', 'pabpab', 'frieza@cell.com', 'rafael', 'castel', '2016-06-09 15:01:02'),
(2, 'ella', '5d12b75cf29cfd720f323167e0bddad3', 'emb@gms.com', 'ella', 'baguio', '2016-06-09 15:02:57'),
(3, 'mongs113', '322b0eed27b920c9ccb1ad1930c5ac4b', 'Mongs@benz.com', 'Mongs', 'Benitez', '2016-06-09 15:49:41'),
(4, 'rachmar', 'ae14971c995a39bc846b789b8a8f8041', 'DOC@JACK.com', 'rachmar', 'JACK', '2016-06-09 17:04:46'),
(5, 'timoy', '43a6c4b1f1d99e42430afe27c8b8240f', 'tomoy', 'timoy', 'toyab', '2016-06-11 16:06:11');

-- --------------------------------------------------------

--
-- Table structure for table `qtr_messages`
--

CREATE TABLE `qtr_messages` (
  `id` int(11) NOT NULL,
  `memberid` int(11) NOT NULL,
  `supplierid` int(11) NOT NULL,
  `sender` int(11) NOT NULL,
  `content` text NOT NULL,
  `jobid` int(11) NOT NULL DEFAULT '0',
  `timestamp` timestamp NOT NULL DEFAULT CURRENT_TIMESTAMP,
  `flag` int(11) NOT NULL DEFAULT '0'
) ENGINE=InnoDB DEFAULT CHARSET=latin1;

--
-- Dumping data for table `qtr_messages`
--

INSERT INTO `qtr_messages` (`id`, `memberid`, `supplierid`, `sender`, `content`, `jobid`, `timestamp`, `flag`) VALUES
(48, 22, 21, 22, 'pls look into this job', 30, '2016-06-13 15:01:44', 0),
(49, 22, 21, 21, 'interesting', 30, '2016-06-13 15:02:15', 0),
(50, 22, 21, 22, 'tjerhteyjr', 0, '2016-06-13 16:41:42', 0),
(51, 22, 21, 22, 'jhgfhdfh', 0, '2016-06-13 16:43:02', 0),
(52, 22, 20, 22, 'Your profile was searched by a potential customer. ', 0, '2016-06-13 16:43:32', 0),
(53, 22, 21, 22, 'Your profile was searched by a potential customer. ', 0, '2016-06-13 16:43:32', 0),
(54, 22, 17, 22, 'Your profile was searched by a potential customer. ', 0, '2016-06-13 16:43:32', 0),
(55, 22, 21, 21, 'gi-search ko nimo :)', 0, '2016-06-13 16:47:07', 0),
(56, 22, 21, 21, 'yass', 0, '2016-06-13 16:56:52', 1),
(57, 22, 21, 21, 'what', 0, '2016-06-13 17:01:49', 1),
(58, 22, 21, 21, 'Bid Price: 500', 30, '2016-06-13 17:43:06', 1),
(59, 22, 20, 22, 'Your profile was searched by a potential customer. ', 0, '2016-06-13 17:51:40', 0),
(60, 22, 21, 22, 'Your profile was searched by a potential customer. ', 0, '2016-06-13 17:51:40', 0),
(61, 22, 17, 22, 'Your profile was searched by a potential customer. ', 0, '2016-06-13 17:51:41', 0),
(62, 22, 20, 22, 'Your profile was searched by a potential customer. ', 0, '2016-06-13 17:53:23', 0),
(63, 22, 21, 22, 'Your profile was searched by a potential customer. ', 0, '2016-06-13 17:53:23', 1),
(64, 22, 17, 22, 'Your profile was searched by a potential customer. ', 0, '2016-06-13 17:53:23', 0),
(65, 22, 21, 21, 'Bid Price: 5000', 30, '2016-06-14 03:58:10', 1),
(66, 23, 28, 28, 'Bid Price: 100', 33, '2016-06-14 05:47:04', 0),
(67, 23, 28, 23, 'To much', 33, '2016-06-14 05:47:57', 0),
(68, 23, 28, 28, '90', 33, '2016-06-14 05:48:31', 0),
(69, 22, 21, 22, 'reply this is hahahaha', 30, '2016-06-14 13:52:51', 0),
(70, 22, 21, 22, 'i know right', 30, '2016-06-14 14:04:08', 1),
(71, 22, 21, 21, 'trial reply from full screen', 30, '2016-06-14 14:07:39', 0),
(72, 22, 21, 21, 'reply trial from list screen', 30, '2016-06-14 14:08:08', 0),
(73, 22, 20, 22, 'Your profile was searched by a potential customer. ', 0, '2016-06-14 14:16:50', 0),
(74, 22, 21, 22, 'Your profile was searched by a potential customer. ', 0, '2016-06-14 14:16:50', 0),
(75, 22, 17, 22, 'Your profile was searched by a potential customer. ', 0, '2016-06-14 14:16:51', 0),
(76, 22, 20, 22, 'Your profile was searched by a potential customer. ', 0, '2016-06-14 14:35:14', 0),
(77, 22, 21, 22, 'Your profile was searched by a potential customer. ', 0, '2016-06-14 14:35:14', 0),
(78, 22, 17, 22, 'Your profile was searched by a potential customer. ', 0, '2016-06-14 14:35:15', 0),
(79, 22, 21, 22, 'want this job?', 30, '2016-06-14 14:36:01', 0),
(80, 22, 17, 22, 'Your profile was searched by a potential customer. ', 0, '2016-06-14 16:00:17', 0),
(81, 22, 20, 22, 'Your profile was searched by a potential customer. ', 0, '2016-06-14 16:00:17', 0),
(82, 22, 21, 22, 'Your profile was searched by a potential customer. ', 0, '2016-06-14 16:00:17', 0),
(83, 22, 21, 21, 'nice', 30, '2016-06-15 01:51:13', 0),
(84, 22, 21, 21, 'hmmmmmmmm', 30, '2016-06-15 01:53:43', 0),
(85, 22, 21, 22, 'ikr', 30, '2016-06-15 01:57:09', 0),
(86, 22, 21, 21, 'how much', 30, '2016-06-15 01:57:27', 0),
(87, 22, 21, 21, 'Bid Price: 10000', 36, '2016-06-15 02:05:42', 0),
(88, 22, 20, 22, 'Your profile was searched by a potential customer. ', 0, '2016-06-15 04:04:07', 0),
(89, 22, 21, 22, 'Your profile was searched by a potential customer. ', 0, '2016-06-15 04:04:07', 0),
(90, 22, 17, 22, 'Your profile was searched by a potential customer. ', 0, '2016-06-15 04:04:07', 0),
(91, 22, 21, 21, 'trial new message pop', 30, '2016-06-15 04:34:48', 0),
(92, 22, 21, 21, 'trial pop again', 30, '2016-06-15 04:36:15', 0),
(93, 22, 21, 21, 'haaaaays', 30, '2016-06-15 04:39:01', 0),
(94, 22, 21, 21, 'trial popppp thissssss', 30, '2016-06-15 04:49:44', 0),
(95, 22, 21, 21, 'yowwww', 30, '2016-06-15 04:53:09', 0),
(96, 22, 21, 21, 'againnn', 30, '2016-06-15 04:54:17', 0),
(97, 22, 21, 22, 'hey', 30, '2016-06-15 04:56:14', 0),
(98, 22, 17, 22, 'Your profile was searched by a potential customer. ', 0, '2016-06-15 09:22:13', 0),
(99, 22, 21, 22, 'Your profile was searched by a potential customer. ', 0, '2016-06-15 09:22:13', 0),
(100, 22, 20, 22, 'Your profile was searched by a potential customer. ', 0, '2016-06-15 09:22:15', 0),
(101, 22, 21, 22, 'Heeey', 30, '2016-06-15 09:43:27', 0),
(102, 22, 21, 22, 'Trial', 30, '2016-06-15 09:45:14', 0),
(103, 22, 21, 22, 'Pop this', 30, '2016-06-15 09:46:47', 0),
(104, 22, 21, 22, 'Ffff', 30, '2016-06-15 09:47:41', 0),
(105, 22, 21, 22, 'Waaz', 36, '2016-06-15 09:48:42', 0),
(106, 22, 21, 22, 'Lol', 36, '2016-06-15 09:49:49', 0),
(107, 22, 21, 21, 'ikr', 30, '2016-06-15 09:50:10', 0),
(108, 22, 21, 21, 'sdfdsf', 30, '2016-06-15 09:50:36', 0),
(109, 22, 21, 21, 'uggh', 36, '2016-06-15 09:53:22', 0),
(110, 22, 21, 21, 'asdasd', 36, '2016-06-15 09:53:41', 0),
(111, 22, 21, 22, 'Waitt', 36, '2016-06-15 09:54:15', 0),
(112, 22, 21, 22, 'Ayaaay', 30, '2016-06-15 10:09:31', 0),
(113, 22, 21, 21, 'Bid Price: 40000000', 38, '2016-06-15 10:10:03', 1),
(114, 22, 21, 22, 'Bayoooot', 38, '2016-06-15 10:10:41', 0),
(115, 22, 21, 22, 'Sht', 38, '2016-06-15 10:10:59', 0),
(116, 22, 21, 21, 'Pangut ka', 38, '2016-06-15 10:11:22', 0),
(117, 22, 20, 22, 'Your profile was searched by a potential customer. ', 0, '2016-06-17 12:24:55', 0),
(118, 22, 21, 22, 'Your profile was searched by a potential customer. ', 0, '2016-06-17 12:24:56', 0),
(119, 22, 21, 22, 'Your profile was searched by a potential customer. ', 0, '2016-06-17 12:28:03', 0),
(120, 22, 41, 22, 'trial', 30, '2016-06-19 12:03:38', 0),
(121, 22, 21, 22, 'Your profile was searched by a potential customer. ', 0, '2016-06-19 13:18:57', 0),
(122, 22, 21, 22, 'Your profile was searched by a potential customer. ', 0, '2016-06-19 13:44:42', 0),
(123, 22, 21, 22, 'Your profile was searched by a potential customer. ', 0, '2016-06-19 13:54:42', 0),
(124, 22, 21, 22, '123213', 30, '2016-06-19 13:54:48', 0),
(125, 22, 21, 22, 'yS', 30, '2016-06-19 13:55:17', 0),
(126, 22, 21, 22, 'Your profile was searched by a potential customer. ', 0, '2016-06-19 14:09:24', 0),
(127, 22, 21, 22, 'Your profile was searched by a potential customer. ', 0, '2016-06-19 14:37:49', 0),
(128, 22, 21, 22, 'Your profile was searched by a potential customer. ', 0, '2016-06-20 00:21:30', 0),
(129, 22, 21, 22, 'Your profile was searched by a potential customer. ', 0, '2016-06-20 02:42:28', 0),
(130, 58, 26, 58, 'Your profile was searched by a potential customer. ', 0, '2016-06-20 03:02:18', 0),
(131, 58, 26, 58, 'Your profile was searched by a potential customer. ', 0, '2016-06-20 03:02:36', 0),
(132, 58, 26, 58, 'Your profile was searched by a potential customer. ', 0, '2016-06-20 03:04:14', 0),
(133, 58, 26, 58, 'Your profile was searched by a potential customer. ', 0, '2016-06-20 03:06:06', 0),
(134, 58, 26, 58, 'Your profile was searched by a potential customer. ', 0, '2016-06-20 03:13:23', 0),
(135, 58, 54, 58, 'Your profile was searched by a potential customer. ', 0, '2016-06-20 03:13:23', 0),
(136, 62, 26, 62, 'Your profile was searched by a potential customer. ', 0, '2016-06-20 03:17:01', 0),
(137, 62, 54, 62, 'Your profile was searched by a potential customer. ', 0, '2016-06-20 03:17:01', 0),
(138, 58, 26, 26, 'Bid Price: 11', 47, '2016-06-20 03:20:05', 0),
(139, 58, 54, 54, 'Bid Price: 22', 47, '2016-06-20 03:20:19', 0),
(140, 58, 26, 58, 'sounds good can you do tomorrow', 47, '2016-06-20 03:20:48', 0),
(141, 58, 26, 26, 'yep 10am', 47, '2016-06-20 03:21:22', 0),
(142, 58, 54, 58, 'Your profile was searched by a potential customer. ', 0, '2016-06-20 04:10:34', 0),
(143, 58, 26, 58, 'Your profile was searched by a potential customer. ', 0, '2016-06-20 04:10:34', 0),
(144, 58, 54, 58, 'Your profile was searched by a potential customer. ', 0, '2016-06-20 04:24:52', 0),
(145, 58, 26, 58, 'Your profile was searched by a potential customer. ', 0, '2016-06-20 04:24:52', 0),
(146, 58, 54, 58, 'Your profile was searched by a potential customer. ', 0, '2016-06-20 04:32:48', 0),
(147, 58, 26, 58, 'Your profile was searched by a potential customer. ', 0, '2016-06-20 04:32:48', 0),
(148, 58, 26, 26, 'Bid Price: 33', 48, '2016-06-20 04:41:35', 0),
(149, 58, 26, 58, 'go for it', 48, '2016-06-20 04:42:23', 0),
(150, 58, 26, 26, 'Can do on 22nd?', 48, '2016-06-20 04:42:56', 0),
(151, 58, 26, 58, '21st?', 48, '2016-06-20 04:43:14', 0),
(152, 58, 26, 26, 'ok', 48, '2016-06-20 04:43:28', 0),
(153, 58, 26, 58, 'Your profile was searched by a potential customer. ', 0, '2016-06-20 07:48:10', 0),
(154, 58, 26, 58, 'Your profile was searched by a potential customer. ', 0, '2016-06-20 07:48:25', 0),
(155, 58, 26, 26, 'Bid Price: ', 48, '2016-06-20 08:00:50', 0),
(156, 58, 26, 58, 'What price', 48, '2016-06-20 08:01:24', 0),
(157, 58, 26, 26, '17', 48, '2016-06-20 08:01:47', 0),
(158, 58, 26, 58, 'ok', 48, '2016-06-20 08:01:59', 0);

-- --------------------------------------------------------

--
-- Stand-in structure for view `qtr_messages_senderinfo`
--
CREATE TABLE `qtr_messages_senderinfo` (
`id` int(11)
,`memberid` int(11)
,`supplierid` int(11)
,`sender` int(11)
,`content` text
,`jobid` int(11)
,`timestamp` timestamp
,`flag` int(11)
,`fname` varchar(60)
,`lname` varchar(60)
,`email` varchar(60)
,`username` varchar(60)
,`timesent` timestamp
);

-- --------------------------------------------------------

--
-- Table structure for table `qtr_size`
--

CREATE TABLE `qtr_size` (
  `id` int(11) NOT NULL,
  `description` varchar(100) NOT NULL
) ENGINE=InnoDB DEFAULT CHARSET=latin1;

--
-- Dumping data for table `qtr_size`
--

INSERT INTO `qtr_size` (`id`, `description`) VALUES
(1, 'Less than a day'),
(2, '1 To 3 days'),
(3, '4 days To a week'),
(4, '1 To 2 weeks'),
(5, '2 weeks To a month'),
(6, 'More than a month');

-- --------------------------------------------------------

--
-- Table structure for table `qtr_start`
--

CREATE TABLE `qtr_start` (
  `id` int(11) NOT NULL,
  `description` varchar(100) NOT NULL
) ENGINE=InnoDB DEFAULT CHARSET=latin1;

--
-- Dumping data for table `qtr_start`
--

INSERT INTO `qtr_start` (`id`, `description`) VALUES
(1, 'As soon As possible'),
(2, 'Within the Next week'),
(3, 'Within the Next month'),
(4, 'Within the Next 2 months'),
(5, 'Longer than 2 months');

-- --------------------------------------------------------

--
-- Table structure for table `qtr_supplier`
--

CREATE TABLE `qtr_supplier` (
  `supplierid` int(11) NOT NULL,
  `userid` int(11) NOT NULL,
  `lat` float NOT NULL,
  `lng` float NOT NULL,
  `categoryid` int(11) NOT NULL
) ENGINE=InnoDB DEFAULT CHARSET=latin1;

--
-- Dumping data for table `qtr_supplier`
--

INSERT INTO `qtr_supplier` (`supplierid`, `userid`, `lat`, `lng`, `categoryid`) VALUES
(1, 1, 0, 0, 1),
(2, 6, 127, 126, 1),
(3, 7, 7.07775, 125.614, 30),
(4, 10, 25.6, 64.8, 0),
(5, 11, 0, 0, 0),
(6, 12, 20, 34, 1),
(7, 13, 12, 91, 30),
(8, 14, 7.19071, 125.455, 2),
(9, 17, 7.06708, 125.6, 1),
(10, 20, 7.19071, 125.455, 1),
(11, 21, 7.19071, 125.455, 1),
(12, 25, 12.9314, 100.883, 10),
(13, 26, 12.9314, 100.888, 1),
(14, 27, 12.9314, 100.938, 1),
(15, 28, 12.9264, 100.938, 1),
(16, 29, 12, 12, 1),
(17, 33, 12, 53, 13),
(18, 36, 7, 125, 1),
(19, 37, 7, 125, 1),
(20, 38, 7, 125, 1),
(21, 39, 7, 125, 1),
(22, 40, 7, 125, 1),
(23, 41, 7, 125, 1),
(24, 42, 7, 125, 1),
(25, 43, 7, 125, 1),
(26, 44, 7, 125, 1),
(27, 45, 7, 125, 1),
(28, 46, 7, 125, 1),
(29, 49, 7.19071, 125.455, 1),
(30, 51, 12.9276, 100.877, 1),
(31, 52, 12.9214, 100.938, 1),
(32, 53, 12.9214, 100.888, 1),
(33, 54, 12.9214, 100.883, 1),
(34, 55, 12.9264, 100.883, 1),
(35, 56, 12.9314, 100.898, 1),
(36, 57, 12.9164, 100.893, 1),
(37, 59, 12.9264, 100.888, 1),
(38, 60, 12.9264, 100.888, 1),
(39, 61, 12.9264, 100.888, 1),
(40, 63, 0, 0, 1),
(41, 65, 7.03539, 125.502, 1);

-- --------------------------------------------------------

--
-- Stand-in structure for view `qtr_suppliers_info`
--
CREATE TABLE `qtr_suppliers_info` (
`supplierid` int(11)
,`userid` int(11)
,`lat` float
,`lng` float
,`categoryid` int(11)
,`id` int(11)
,`username` varchar(60)
,`password` varchar(60)
,`email` varchar(60)
,`first_name` varchar(60)
,`last_name` varchar(60)
,`timestamp` timestamp
);

-- --------------------------------------------------------

--
-- Table structure for table `qtr_supplier_jobtypes`
--

CREATE TABLE `qtr_supplier_jobtypes` (
  `id` int(11) NOT NULL,
  `supplierid` int(11) NOT NULL,
  `jobtypeid` int(11) NOT NULL
) ENGINE=InnoDB DEFAULT CHARSET=latin1;

-- --------------------------------------------------------

--
-- Table structure for table `qtr_users`
--

CREATE TABLE `qtr_users` (
  `id` int(11) NOT NULL,
  `username` varchar(60) NOT NULL,
  `password` varchar(60) NOT NULL,
  `email` varchar(60) NOT NULL,
  `first_name` varchar(60) NOT NULL,
  `last_name` varchar(60) NOT NULL,
  `timestamp` timestamp NOT NULL DEFAULT CURRENT_TIMESTAMP,
  `active` int(11) NOT NULL DEFAULT '0',
  `login_type` varchar(30) NOT NULL DEFAULT 'quoter'
) ENGINE=InnoDB DEFAULT CHARSET=latin1;

--
-- Dumping data for table `qtr_users`
--

INSERT INTO `qtr_users` (`id`, `username`, `password`, `email`, `first_name`, `last_name`, `timestamp`, `active`, `login_type`) VALUES
(1, 'none', 'none', 'none', 'none', 'none', '2016-06-12 08:36:00', 0, 'quoter'),
(6, 'mongsup1', '158cb5848a6f59d6e56c8e0abd4a0735', 'mongsup1', 'mongsup1', 'mongsup1', '2016-06-12 08:37:34', 0, 'quoter'),
(7, 'gmall', '6840c3286f6e6393169943fdbb2bf213', 'gmall', 'gmall', 'gmall', '2016-06-12 08:50:28', 0, 'quoter'),
(8, 'mongmem', '9e3c5319258c50d104eac3fe079cc87d', 'mongmem', 'mongmem', 'mongmem', '2016-06-12 08:51:18', 0, 'quoter'),
(9, 'rachmar', '9e3c5319258c50d104eac3fe079cc87d', 'rachmar', 'rachmar', 'rachmar', '2016-06-12 09:45:02', 0, 'quoter'),
(12, 'pluto', 'fb45615cea1183af03479d88ad4da5cd', 'pluto', 'pluto', 'pluto', '2016-06-12 09:47:50', 0, 'quoter'),
(13, 'zxc', '5fa72358f0b4fb4f2c5d7de8c9a41846', 'gwapa@lol.com', 'gwapa', 'ella', '2016-06-12 09:50:11', 0, 'quoter'),
(14, 'qwe', '4d1ea1367acf0560c6716dd076a84d7f', 'qwe@lol.com', 'qwe', 'ewq', '2016-06-12 09:54:27', 1, 'quoter'),
(15, 'rac', 'e6d96502596d7e7887b76646c5f615d9', 'waa@lol.com', 'rachmar', 'mohammad', '2016-06-12 10:25:28', 0, 'quoter'),
(16, 'shin', 'fb45615cea1183af03479d88ad4da5cd', 'park@shin.com', 'shin', 'park', '2016-06-12 10:35:32', 0, 'quoter'),
(17, 'cvb', '7486fc6c0fba42e3300c2910ac5f87ed', 'zxc@z.com', 'waaaa', 'awwwww', '2016-06-13 03:21:52', 0, 'quoter'),
(19, 'mongskie', 'f6fdffe48c908deb0f4c3bd36c032e72', 'ricardo.emong@gmail.com', 'ricardo', 'benitez', '2016-06-13 07:25:41', 0, 'quoter'),
(20, 'mongsupplier', '21232f297a57a5a743894a0e4a801fc3', 'ricardo@supplier.com', 'RicardoSupplier', 'Supplier', '2016-06-13 07:32:54', 0, 'quoter'),
(21, 'supp', '91d340e0b134019566c82d658f8d043c', 'supp@lier.com', 'Supp', 'Lier', '2016-06-13 12:25:54', 1, 'quoter'),
(22, 'cust', '3aad3506aa11f05f265ea8304b8152b3', 'cust@omer.com', 'Cust', 'Omer', '2016-06-13 12:27:17', 0, 'quoter'),
(23, 's', '03c7c0ace395d80182db07ae2c30f034', 's@uk10.net', 's', 's', '2016-06-14 02:59:21', 0, 'quoter'),
(25, 's1', '8ddf878039b70767c4a5bcf4f0c4f65e', 's2@uk10.net', 's1', 's1', '2016-06-14 03:06:49', 1, 'quoter'),
(26, 's2', 'fac989447cad2edbc89fbcba70003b36', 's2@uk10.net', 's2', 's2', '2016-06-14 03:19:15', 1, 'quoter'),
(27, 's3', 'c0828e0381730befd1f7a025057c74fb', 's4@uk10.net', 's3', 's3', '2016-06-14 05:19:56', 0, 'quoter'),
(28, 's4', '7e7cb6814b74d6596098fc80127569a5', 's4@uk10.net', 's4', 's4', '2016-06-14 05:21:15', 0, 'quoter'),
(29, 'qq', '099b3b060154898840f0ebdfb46ec78f', 'sdfsdf', 'fdsfsdf', 'fsdfsdf', '2016-06-15 08:14:10', 0, 'quoter'),
(30, 'w', 'f1290186a5d0b1ceab27f4e77c0c5d68', 'w', 'w', 'w', '2016-06-17 06:21:13', 0, 'quoter'),
(31, 'ricric', '65b93ad4c0b14f85c06c38c467b5a1d6', 'ricric', 'ricric', 'ricric', '2016-06-17 17:38:04', 0, 'quoter'),
(32, '', 'd41d8cd98f00b204e9800998ecf8427e', 'cajk@fsds.com', 'rafael', 'castel', '2016-06-19 06:37:19', 0, 'facebook'),
(33, '', 'd41d8cd98f00b204e9800998ecf8427e', 'kandong@rets.com', 'lolong', 'buwaya', '2016-06-19 06:40:32', 0, 'facebook'),
(34, '', 'd41d8cd98f00b204e9800998ecf8427e', 'naruto@konoha.com', 'Naruto', 'Uzumaki', '2016-06-19 08:09:01', 0, 'facebook'),
(35, '', 'd41d8cd98f00b204e9800998ecf8427e', 'sasuke@konoha.com', 'Sasuke', 'Uchiha', '2016-06-19 08:20:14', 0, 'facebook'),
(36, '', 'd41d8cd98f00b204e9800998ecf8427e', 'sakura@konoha.com', 'Sakura', 'Haruno', '2016-06-19 08:42:36', 0, 'facebook'),
(41, '', 'd41d8cd98f00b204e9800998ecf8427e', 'ellamariellebaguio@gmail.com', 'Ella Marielle', 'Baguio', '2016-06-19 11:02:14', 0, 'facebook'),
(42, '', 'd41d8cd98f00b204e9800998ecf8427e', 'madara@akatsuki.com', 'Madara', 'Uchiha', '2016-06-19 12:07:53', 0, 'facebook'),
(46, 'lol', '9cdfb439c7876e703e307864c9167a15', 'lol@lol.com', 'lol', 'lol', '2016-06-20 02:30:12', 0, 'quoter'),
(47, 'dsa', '5f039b4ef0058a1d652f13d612375a5b', 'dsa@dsa.com', 'dsa', 'dsa', '2016-06-20 02:32:02', 0, 'quoter'),
(48, 'miga', '2cac16719f6e8fceae1fb827ffb60843', 'miga@lol.com', 'miga', 'migaaaa', '2016-06-20 02:34:16', 0, 'quoter'),
(49, 'serena', 'a88d4a13b65c49cf68ffbac4db7fdc29', 'serena@lol.com', 'serena', 'btch', '2016-06-20 02:35:08', 0, 'quoter'),
(50, 'a', '0cc175b9c0f1b6a831c399e269772661', 'a', 'a', 'a', '2016-06-20 02:46:36', 0, 'quoter'),
(51, 'b', '92eb5ffee6ae2fec3ad71c777531578f', 'b', 'b', 'b', '2016-06-20 02:46:57', 0, 'quoter'),
(52, 's5', '437f57809f82b9e2947f70fd488eb536', 's5', 's5', 's5', '2016-06-20 02:55:47', 0, 'quoter'),
(53, 's6', '425db905039f7a6559ce1115efa7d397', 's6', 's6', 's6', '2016-06-20 02:56:22', 0, 'quoter'),
(54, 's7', '9d7115b42254d59b82440ebe8084927f', 's7', 's7', 's7', '2016-06-20 02:56:52', 0, 'quoter'),
(55, 's8', '3e8d88fdd85d7153525e0647cdd97686', 's8', 's8', 's8', '2016-06-20 02:57:21', 0, 'quoter'),
(56, 's9', '03e04301b15a7969eae9d94821cc8222', 's9', 's9', 's9', '2016-06-20 02:57:49', 0, 'quoter'),
(57, 's10', '2b3357d90b70edb1773bba13390166c1', 's10', 's10', 's10', '2016-06-20 02:58:13', 0, 'quoter'),
(58, 'c', '4a8a08f09d37b73795649038408b5f33', 'c', 'c', 'c', '2016-06-20 03:01:01', 0, 'quoter'),
(59, 'ms1', 'c498c329342daa376732d7a809d416ef', 'ms1', 'ms1', 'ms1', '2016-06-20 03:15:55', 0, 'quoter'),
(60, 'ms2', 'd9c2a84bca853a7e4b3896518ca23ecc', 'ms2', 'ms2', 'ms2', '2016-06-20 03:16:14', 0, 'quoter'),
(61, 'ms3', '52d2a7b1ada15ab3f68a22a40a0d102f', 'ms3', 'ms3', 'ms3', '2016-06-20 03:16:33', 0, 'quoter'),
(62, 'mu1', 'ef72ff9341085ff1d9c4ca99bb0bf36c', 'mu1', 'mu1', 'mu1', '2016-06-20 03:16:50', 0, 'quoter'),
(64, '', 'd41d8cd98f00b204e9800998ecf8427e', 'wat@gmail.com', 'wat', 'wwwwwwwwwwwww', '2016-06-20 09:18:52', 0, 'google'),
(65, '', 'd41d8cd98f00b204e9800998ecf8427e', 'doitfaster009@gmail.com', 'Rafael Angelo', 'Castel', '2016-06-20 10:04:45', 0, 'google'),
(66, '', 'd41d8cd98f00b204e9800998ecf8427e', 'emb.baguio@gmail.com', '', '', '2016-06-20 10:34:18', 0, 'google');

-- --------------------------------------------------------

--
-- Structure for view `qtr_jobs_messages`
--
DROP TABLE IF EXISTS `qtr_jobs_messages`;

CREATE ALGORITHM=UNDEFINED DEFINER=`root`@`localhost` SQL SECURITY DEFINER VIEW `qtr_jobs_messages`  AS  select `m`.`id` AS `id`,`j`.`id` AS `jobid`,`m`.`memberid` AS `memberid`,`m`.`supplierid` AS `supplierid`,`m`.`sender` AS `sender`,`m`.`content` AS `content`,`m`.`timestamp` AS `timesent`,`j`.`jobname` AS `jobname`,`m`.`flag` AS `flag` from (`qtr_messages` `m` join `qtr_jobs` `j` on((`m`.`jobid` = `j`.`id`))) where (`m`.`flag` = 0) ;

-- --------------------------------------------------------

--
-- Structure for view `qtr_messages_senderinfo`
--
DROP TABLE IF EXISTS `qtr_messages_senderinfo`;

CREATE ALGORITHM=UNDEFINED DEFINER=`root`@`localhost` SQL SECURITY DEFINER VIEW `qtr_messages_senderinfo`  AS  select `m`.`id` AS `id`,`m`.`memberid` AS `memberid`,`m`.`supplierid` AS `supplierid`,`m`.`sender` AS `sender`,`m`.`content` AS `content`,`m`.`jobid` AS `jobid`,`m`.`timestamp` AS `timestamp`,`m`.`flag` AS `flag`,`s`.`first_name` AS `fname`,`s`.`last_name` AS `lname`,`s`.`email` AS `email`,`s`.`username` AS `username`,`m`.`timestamp` AS `timesent` from (`qtr_messages` `m` join `qtr_users` `s` on((`m`.`sender` = `s`.`id`))) order by `m`.`timestamp` ;

-- --------------------------------------------------------

--
-- Structure for view `qtr_suppliers_info`
--
DROP TABLE IF EXISTS `qtr_suppliers_info`;

CREATE ALGORITHM=UNDEFINED DEFINER=`root`@`localhost` SQL SECURITY DEFINER VIEW `qtr_suppliers_info`  AS  select `s`.`supplierid` AS `supplierid`,`s`.`userid` AS `userid`,`s`.`lat` AS `lat`,`s`.`lng` AS `lng`,`s`.`categoryid` AS `categoryid`,`u`.`id` AS `id`,`u`.`username` AS `username`,`u`.`password` AS `password`,`u`.`email` AS `email`,`u`.`first_name` AS `first_name`,`u`.`last_name` AS `last_name`,`u`.`timestamp` AS `timestamp` from (`qtr_supplier` `s` join `qtr_users` `u` on((`s`.`userid` = `u`.`id`))) group by `u`.`id` ;

--
-- Indexes for dumped tables
--

--
-- Indexes for table `qtr_access`
--
ALTER TABLE `qtr_access`
  ADD PRIMARY KEY (`id`);

--
-- Indexes for table `qtr_because`
--
ALTER TABLE `qtr_because`
  ADD PRIMARY KEY (`id`);

--
-- Indexes for table `qtr_jobs`
--
ALTER TABLE `qtr_jobs`
  ADD PRIMARY KEY (`id`);

--
-- Indexes for table `qtr_jobtypes`
--
ALTER TABLE `qtr_jobtypes`
  ADD PRIMARY KEY (`id`);

--
-- Indexes for table `qtr_labourtype`
--
ALTER TABLE `qtr_labourtype`
  ADD PRIMARY KEY (`id`);

--
-- Indexes for table `qtr_member`
--
ALTER TABLE `qtr_member`
  ADD PRIMARY KEY (`id`);

--
-- Indexes for table `qtr_messages`
--
ALTER TABLE `qtr_messages`
  ADD PRIMARY KEY (`id`);

--
-- Indexes for table `qtr_size`
--
ALTER TABLE `qtr_size`
  ADD PRIMARY KEY (`id`);

--
-- Indexes for table `qtr_start`
--
ALTER TABLE `qtr_start`
  ADD PRIMARY KEY (`id`);

--
-- Indexes for table `qtr_supplier`
--
ALTER TABLE `qtr_supplier`
  ADD PRIMARY KEY (`supplierid`),
  ADD UNIQUE KEY `userid` (`userid`);

--
-- Indexes for table `qtr_supplier_jobtypes`
--
ALTER TABLE `qtr_supplier_jobtypes`
  ADD PRIMARY KEY (`id`);

--
-- Indexes for table `qtr_users`
--
ALTER TABLE `qtr_users`
  ADD PRIMARY KEY (`id`);

--
-- AUTO_INCREMENT for dumped tables
--

--
-- AUTO_INCREMENT for table `qtr_access`
--
ALTER TABLE `qtr_access`
  MODIFY `id` int(11) NOT NULL AUTO_INCREMENT, AUTO_INCREMENT=807;
--
-- AUTO_INCREMENT for table `qtr_because`
--
ALTER TABLE `qtr_because`
  MODIFY `id` int(11) NOT NULL AUTO_INCREMENT, AUTO_INCREMENT=6;
--
-- AUTO_INCREMENT for table `qtr_jobs`
--
ALTER TABLE `qtr_jobs`
  MODIFY `id` int(11) NOT NULL AUTO_INCREMENT, AUTO_INCREMENT=50;
--
-- AUTO_INCREMENT for table `qtr_jobtypes`
--
ALTER TABLE `qtr_jobtypes`
  MODIFY `id` int(11) NOT NULL AUTO_INCREMENT, AUTO_INCREMENT=976;
--
-- AUTO_INCREMENT for table `qtr_labourtype`
--
ALTER TABLE `qtr_labourtype`
  MODIFY `id` int(11) NOT NULL AUTO_INCREMENT, AUTO_INCREMENT=3;
--
-- AUTO_INCREMENT for table `qtr_member`
--
ALTER TABLE `qtr_member`
  MODIFY `id` int(11) NOT NULL AUTO_INCREMENT, AUTO_INCREMENT=6;
--
-- AUTO_INCREMENT for table `qtr_messages`
--
ALTER TABLE `qtr_messages`
  MODIFY `id` int(11) NOT NULL AUTO_INCREMENT, AUTO_INCREMENT=159;
--
-- AUTO_INCREMENT for table `qtr_size`
--
ALTER TABLE `qtr_size`
  MODIFY `id` int(11) NOT NULL AUTO_INCREMENT, AUTO_INCREMENT=7;
--
-- AUTO_INCREMENT for table `qtr_start`
--
ALTER TABLE `qtr_start`
  MODIFY `id` int(11) NOT NULL AUTO_INCREMENT, AUTO_INCREMENT=6;
--
-- AUTO_INCREMENT for table `qtr_supplier`
--
ALTER TABLE `qtr_supplier`
  MODIFY `supplierid` int(11) NOT NULL AUTO_INCREMENT, AUTO_INCREMENT=42;
--
-- AUTO_INCREMENT for table `qtr_supplier_jobtypes`
--
ALTER TABLE `qtr_supplier_jobtypes`
  MODIFY `id` int(11) NOT NULL AUTO_INCREMENT;
--
-- AUTO_INCREMENT for table `qtr_users`
--
ALTER TABLE `qtr_users`
  MODIFY `id` int(11) NOT NULL AUTO_INCREMENT, AUTO_INCREMENT=67;
/*!40101 SET CHARACTER_SET_CLIENT=@OLD_CHARACTER_SET_CLIENT */;
/*!40101 SET CHARACTER_SET_RESULTS=@OLD_CHARACTER_SET_RESULTS */;
/*!40101 SET COLLATION_CONNECTION=@OLD_COLLATION_CONNECTION */;
